time,lasttime,lat,lng,speed,course,altitude,comment,alt_sp
2022-08-22 14:06:28,2022-08-22 14:06:28,34.64267,-106.83283,4,257,1589.84, StrTrk 55 9 1.62V 23C 84656Pa ,20000
2022-08-22 14:07:27,2022-08-22 14:07:27,34.642,-106.83367,9,228,1628.85, StrTrk 56 9 1.62V 24C 84141Pa ,20000
2022-08-22 14:08:27,2022-08-22 14:08:27,34.6405,-106.8345,7,221,1710.84, StrTrk 57 9 1.62V 24C 83513Pa ,20000
2022-08-22 14:09:28,2022-08-22 14:09:28,34.63983,-106.83533,4,231,1778.81, StrTrk 58 9 1.61V 25C 82859Pa ,20000
2022-08-22 14:11:27,2022-08-22 14:11:27,34.6385,-106.83467,2,55,1965.96, StrTrk 60 9 1.61V 23C 81037Pa ,20000
2022-08-22 14:13:28,2022-08-22 14:13:28,34.63917,-106.83517,4,325,2111.04, StrTrk 62 9 1.61V 24C 79680Pa ,20000
2022-08-22 14:14:27,2022-08-22 14:14:27,34.63967,-106.83567,4,306,2194.86, StrTrk 63 9 1.61V 23C 78883Pa ,20000
2022-08-22 14:15:27,2022-08-22 14:15:27,34.64033,-106.83667,7,308,2293.01, StrTrk 64 9 1.61V 23C 77970Pa ,20000
2022-08-22 14:16:28,2022-08-22 14:16:28,34.64017,-106.8375,6,229,2383.84, StrTrk 65 9 1.61V 22C 77122Pa ,20000
2022-08-22 14:17:28,2022-08-22 14:17:28,34.63967,-106.838,6,175,2474.06, StrTrk 66 9 1.61V 21C 76317Pa ,20000
2022-08-22 14:18:28,2022-08-22 14:18:28,34.63883,-106.837,7,88,2570.07, StrTrk 67 9 1.61V 22C 75437Pa ,20000
2022-08-22 14:19:28,2022-08-22 14:19:28,34.6385,-106.83583,7,125,2656.94, StrTrk 68 9 1.61V 20C 74689Pa ,20000
2022-08-22 14:20:27,2022-08-22 14:20:27,34.638,-106.83517,2,109,2737.1, StrTrk 69 9 1.61V 20C 73962Pa ,20000
2022-08-22 14:21:27,2022-08-22 14:21:27,34.63783,-106.835,4,189,2821.84, StrTrk 70 9 1.61V 20C 73225Pa ,20000
2022-08-22 14:23:28,2022-08-22 14:23:28,34.63633,-106.83533,6,150,3012.03, StrTrk 72 9 1.61V 19C 71585Pa ,20000
2022-08-22 14:24:28,2022-08-22 14:24:28,34.636,-106.835,6,120,3108.96, StrTrk 73 9 1.60V 19C 70767Pa ,20000
2022-08-22 14:25:28,2022-08-22 14:25:28,34.63533,-106.8325,19,107,3198.88, StrTrk 74 9 1.61V 19C 69980Pa ,20000
2022-08-22 14:26:28,2022-08-22 14:26:28,34.63417,-106.82983,13,121,3296.11, StrTrk 75 9 1.60V 18C 69190Pa ,20000
2022-08-22 14:27:28,2022-08-22 14:27:28,34.63233,-106.828,7,149,3382.98, StrTrk 76 9 1.61V 18C 68489Pa ,20000
2022-08-22 14:29:28,2022-08-22 14:29:28,34.62817,-106.82633,13,175,3539.03, StrTrk 78 9 1.60V 18C 67203Pa ,20000
2022-08-22 14:30:28,2022-08-22 14:30:28,34.62633,-106.8265,13,195,3620.11, StrTrk 79 9 1.60V 17C 66545Pa ,20000
2022-08-22 14:31:28,2022-08-22 14:31:28,34.624,-106.82717,19,183,3706.98, StrTrk 80 9 1.59V 17C 65837Pa ,20000
2022-08-22 14:32:28,2022-08-22 14:32:28,34.62167,-106.8275,17,190,3806.04, StrTrk 81 9 1.60V 16C 65057Pa ,20000
2022-08-22 14:33:27,2022-08-22 14:33:27,34.61917,-106.82783,11,184,3906.93, StrTrk 82 9 1.60V 16C 64256Pa ,20000
2022-08-22 14:34:27,2022-08-22 14:34:27,34.6165,-106.828,19,173,4025.19, StrTrk 83 9 1.60V 15C 63353Pa ,20000
2022-08-22 14:35:27,2022-08-22 14:35:27,34.6135,-106.828,20,178,4137.05, StrTrk 84 9 1.60V 15C 62504Pa ,20000
2022-08-22 14:36:27,2022-08-22 14:36:27,34.611,-106.82767,20,162,4248, StrTrk 85 9 1.58V 15C 61624Pa ,20000
2022-08-22 14:37:27,2022-08-22 14:37:27,34.60817,-106.827,15,167,4344.01, StrTrk 86 9 1.58V 13C 60883Pa ,20000
2022-08-22 14:39:27,2022-08-22 14:39:27,34.6035,-106.827,19,182,4518.05, StrTrk 88 9 1.59V 12C 59602Pa ,20000
2022-08-22 14:40:27,2022-08-22 14:40:27,34.60167,-106.827,11,184,4596.99, StrTrk 89 9 1.58V 12C 59021Pa ,20000
2022-08-22 14:41:27,2022-08-22 14:41:27,34.60033,-106.82667,7,180,4687.21, StrTrk 90 9 1.57V 12C 58347Pa ,20000
2022-08-22 14:42:28,2022-08-22 14:42:28,34.59933,-106.82717,7,217,4778.04, StrTrk 91 9 1.58V 12C 57669Pa ,20000
2022-08-22 14:43:27,2022-08-22 14:43:27,34.59883,-106.82767,4,271,4885.03, StrTrk 92 9 1.57V 11C 56927Pa ,20000
2022-08-22 14:44:27,2022-08-22 14:44:27,34.59867,-106.8285,4,231,4983.18, StrTrk 93 9 1.58V 10C 56185Pa ,20000
2022-08-22 14:45:27,2022-08-22 14:45:27,34.59817,-106.82933,2,271,5102.05, StrTrk 94 9 1.56V 09C 55395Pa ,20000
2022-08-22 14:46:27,2022-08-22 14:46:27,34.5975,-106.82867,11,132,5212.08, StrTrk 95 9 1.56V 09C 54612Pa ,20000
2022-08-22 14:47:27,2022-08-22 14:47:27,34.59617,-106.8275,11,154,5324.25, StrTrk 96 9 1.57V 09C 53865Pa ,20000
2022-08-22 14:48:27,2022-08-22 14:48:27,34.59533,-106.8265,9,150,5425.14, StrTrk 97 9 1.56V 09C 53164Pa ,20000
2022-08-22 14:49:27,2022-08-22 14:49:27,34.59417,-106.825,13,113,5547.97, StrTrk 98 9 1.56V 7C 52353Pa ,20000
2022-08-22 14:50:27,2022-08-22 14:50:27,34.59333,-106.82233,13,118,5677.2, StrTrk 99 9 1.57V 8C 51502Pa ,20000
2022-08-22 14:51:27,2022-08-22 14:51:27,34.5925,-106.82033,11,117,5776.26, StrTrk 100 9 1.56V 6C 50879Pa ,20000
2022-08-22 14:52:27,2022-08-22 14:52:27,34.59067,-106.81783,22,129,5881.12, StrTrk 101 9 1.57V 6C 50175Pa ,20000
2022-08-22 14:54:27,2022-08-22 14:54:27,34.5855,-106.81317,28,149,6059.12, StrTrk 103 9 1.57V 5C 49051Pa ,20000
2022-08-22 14:55:27,2022-08-22 14:55:27,34.58233,-106.80967,24,137,6160.01, StrTrk 104 9 1.56V 6C 48430Pa ,20000
2022-08-22 14:56:28,2022-08-22 14:56:28,34.57917,-106.80583,28,139,6270.04, StrTrk 105 9 1.56V 6C 47741Pa ,20000
2022-08-22 14:57:27,2022-08-22 14:57:27,34.57633,-106.80133,28,124,6385.26, StrTrk 106 9 1.55V 6C 47031Pa ,20000
2022-08-22 14:58:27,2022-08-22 14:58:27,34.57367,-106.79683,28,116,6525.16, StrTrk 107 9 1.55V 5C 46175Pa ,20000
2022-08-22 14:59:27,2022-08-22 14:59:27,34.57117,-106.79267,28,128,6673.29, StrTrk 108 9 1.56V 4C 45332Pa ,20000
2022-08-22 15:00:27,2022-08-22 15:00:27,34.56783,-106.78783,31,132,6811.06, StrTrk 109 9 1.55V 3C 44491Pa ,20000
2022-08-22 15:01:27,2022-08-22 15:01:27,34.5645,-106.783,33,128,6936.33, StrTrk 110 9 1.55V 1C 43825Pa ,20000
2022-08-22 15:02:27,2022-08-22 15:02:27,34.562,-106.77883,26,122,7032.04, StrTrk 111 9 1.56V 0C 43275Pa ,20000
2022-08-22 15:03:27,2022-08-22 15:03:27,34.56017,-106.77517,24,116,7124.09, StrTrk 112 9 1.55V 1C 42735Pa ,20000
2022-08-22 15:04:27,2022-08-22 15:04:27,34.56,-106.77067,22,90,7225.28, StrTrk 113 9 1.54V 3C 42168Pa ,20000
2022-08-22 15:05:27,2022-08-22 15:05:27,34.5605,-106.76667,20,65,7324.34, StrTrk 114 9 1.55V 3C 41628Pa ,20000
2022-08-22 15:07:27,2022-08-22 15:07:27,34.56267,-106.75983,24,66,7565.14, StrTrk 116 9 1.53V 2C 40310Pa ,20000
2022-08-22 15:08:27,2022-08-22 15:08:27,34.56367,-106.75483,33,75,7714.18, StrTrk 117 9 1.53V 0C 39519Pa ,20000
2022-08-22 15:09:27,2022-08-22 15:09:27,34.5645,-106.74883,30,71,7854.09, StrTrk 118 9 1.54V 0C 38796Pa ,20000
2022-08-22 15:10:27,2022-08-22 15:10:27,34.56517,-106.74233,35,89,7994.29, StrTrk 119 9 1.53V -1C 38070Pa ,20000
2022-08-22 15:11:27,2022-08-22 15:11:27,34.56567,-106.73667,30,92,8108.29, StrTrk 120 9 1.54V -4C 37481Pa ,20000
2022-08-22 15:12:27,2022-08-22 15:12:27,34.566,-106.73017,43,89,8226.25, StrTrk 121 9 1.53V -3C 36913Pa ,20000
2022-08-22 15:13:27,2022-08-22 15:13:27,34.56717,-106.7225,43,75,8336.28, StrTrk 122 9 1.53V -3C 36360Pa ,20000
2022-08-22 15:14:27,2022-08-22 15:14:27,34.5685,-106.71433,43,78,8458.2, StrTrk 123 9 1.53V -3C 35768Pa ,20000
2022-08-22 15:15:27,2022-08-22 15:15:27,34.57017,-106.70667,39,79,8581.34, StrTrk 124 9 1.52V -4C 35176Pa ,20000
2022-08-22 15:16:27,2022-08-22 15:16:27,34.57133,-106.699,35,78,8727.34, StrTrk 125 9 1.52V -4C 34486Pa ,20000
2022-08-22 15:17:27,2022-08-22 15:17:27,34.572,-106.69267,33,89,8863.28, StrTrk 126 9 1.52V -4C 33842Pa ,20000
2022-08-22 15:18:27,2022-08-22 15:18:27,34.57217,-106.687,28,87,9000.44, StrTrk 127 9 1.52V -6C 33225Pa ,20000
2022-08-22 15:19:27,2022-08-22 15:19:27,34.572,-106.68133,33,87,9126.32, StrTrk 128 9 1.52V -6C 32647Pa ,20000
2022-08-22 15:20:27,2022-08-22 15:20:27,34.57183,-106.6745,44,93,9271.41, StrTrk 129 9 1.52V -7C 32007Pa ,20000
2022-08-22 15:21:27,2022-08-22 15:21:27,34.57117,-106.667,43,98,9421.37, StrTrk 130 9 1.52V -8C 31358Pa ,20000
2022-08-22 15:22:27,2022-08-22 15:22:27,34.57033,-106.6595,43,98,9565.23, StrTrk 131 9 1.52V -10C 30732Pa ,20000
2022-08-22 15:23:27,2022-08-22 15:23:27,34.5695,-106.65083,48,97,9717.33, StrTrk 132 9 1.51V -10C 30087Pa ,20000
2022-08-22 15:24:27,2022-08-22 15:24:27,34.56983,-106.64117,56,88,9851.44, StrTrk 133 9 1.51V -10C 29516Pa ,20000
2022-08-22 15:25:27,2022-08-22 15:25:27,34.57017,-106.63067,57,93,9988.3, StrTrk 134 9 1.52V -11C 28955Pa ,20000
2022-08-22 15:26:27,2022-08-22 15:26:27,34.56983,-106.62017,61,90,10149.23, StrTrk 135 9 1.51V -12C 28310Pa ,20000
2022-08-22 15:27:27,2022-08-22 15:27:27,34.57,-106.609,59,85,10314.43, StrTrk 136 9 1.50V -12C 27639Pa ,20000
2022-08-22 15:28:27,2022-08-22 15:28:27,34.57033,-106.5975,69,90,10493.35, StrTrk 137 9 1.51V -13C 26949Pa ,20000
2022-08-22 15:29:27,2022-08-22 15:29:27,34.571,-106.58567,63,84,10670.44, StrTrk 138 9 1.50V -15C 26294Pa ,20000
2022-08-22 15:30:27,2022-08-22 15:30:27,34.5715,-106.57383,65,80,10826.5, StrTrk 139 9 1.49V -16C 25685Pa ,20000
2022-08-22 15:31:27,2022-08-22 15:31:27,34.5725,-106.56233,59,85,10981.33, StrTrk 140 9 1.49V -16C 25106Pa ,20000
2022-08-22 15:32:27,2022-08-22 15:32:27,34.57333,-106.55117,63,80,11138.31, StrTrk 141 9 1.49V -17C 24535Pa ,20000
2022-08-22 15:33:27,2022-08-22 15:33:27,34.57483,-106.54033,61,84,11292.54, StrTrk 142 9 1.48V -18C 24015Pa ,20000
2022-08-22 15:34:27,2022-08-22 15:34:27,34.5765,-106.52917,61,77,11442.5, StrTrk 143 9 1.48V -19C 23460Pa ,20000
2022-08-22 15:35:27,2022-08-22 15:35:27,34.57867,-106.51833,61,74,11600.38, StrTrk 144 9 1.48V -20C 22933Pa ,20000
2022-08-22 15:36:27,2022-08-22 15:36:27,34.581,-106.5075,63,78,11767.41, StrTrk 145 9 1.48V -20C 22361Pa ,20000
2022-08-22 15:37:27,2022-08-22 15:37:27,34.5835,-106.4965,65,74,11955.48, StrTrk 146 9 1.48V -21C 21735Pa ,20000
2022-08-22 15:38:27,2022-08-22 15:38:27,34.58617,-106.48533,59,73,12136.53, StrTrk 147 9 1.47V -23C 21148Pa ,20000
2022-08-22 15:39:27,2022-08-22 15:39:27,34.58817,-106.47417,59,82,12317.58, StrTrk 148 9 1.46V -24C 20603Pa ,20000
2022-08-22 15:40:27,2022-08-22 15:40:27,34.58933,-106.46283,65,83,12473.33, StrTrk 149 9 1.46V -25C 20089Pa ,20000
2022-08-22 15:42:27,2022-08-22 15:42:27,34.589,-106.44183,54,95,12848.54, StrTrk 151 9 1.46V -27C 18972Pa ,20000
2022-08-22 15:44:38,2022-08-22 15:44:38,34.58883,-106.42083,54,96,13245.39, StrTrk 1 9 1.45V -30C 17827Pa ,20000
2022-08-22 15:45:34,2022-08-22 15:45:34,34.5885,-106.411,54,87,13431.62, StrTrk 2 8 1.45V -31C 17309Pa ,20000
2022-08-22 15:47:44,2022-08-22 15:47:44,34.5925,-106.39067,61,75,13836.4, StrTrk 1 9 1.44V -32C 16210Pa ,20000
2022-08-22 15:48:39,2022-08-22 15:48:39,34.59433,-106.38067,57,79,14056.46, StrTrk 2 8 1.43V -33C 15648Pa ,20000
2022-08-22 15:49:39,2022-08-22 15:49:39,34.59533,-106.37,61,84,14281.4, StrTrk 3 9 1.43V -33C 15080Pa ,20000
2022-08-22 15:52:39,2022-08-22 15:52:39,34.598,-106.34017,48,88,14860.52, StrTrk 6 9 1.42V -36C 13658Pa ,20000
2022-08-22 15:52:53,2022-08-22 15:52:53,34.5955,-106.359,56,81,14489.58, StrTrk 4 9 1.42V -34C 14559Pa ,20000
2022-08-22 15:53:39,2022-08-22 15:53:39,34.59883,-106.33133,48,82,15062.61, StrTrk 7 9 1.40V -36C 13215Pa ,20000
2022-08-22 15:54:04,2022-08-22 15:54:04,34.59683,-106.3495,57,82,14677.64, StrTrk 5 9 1.42V -34C 14093Pa ,20000
2022-08-22 15:54:39,2022-08-22 15:54:39,34.59817,-106.3235,41,116,15275.66, StrTrk 8 9 1.40V -36C 12766Pa ,20000
2022-08-22 15:55:39,2022-08-22 15:55:39,34.59467,-106.318,31,134,15466.47, StrTrk 9 9 1.39V -37C 12333Pa ,20000
2022-08-22 15:56:39,2022-08-22 15:56:39,34.59017,-106.31417,31,169,15660.62, StrTrk 10 9 1.40V -38C 11930Pa ,20000
2022-08-22 15:57:39,2022-08-22 15:57:39,34.58783,-106.31317,9,150,15866.67, StrTrk 11 9 1.39V -37C 11509Pa ,20000
2022-08-22 15:58:39,2022-08-22 15:58:39,34.587,-106.3125,2,20,16060.52, StrTrk 12 9 1.40V -39C 11142Pa ,20000
2022-08-22 15:59:39,2022-08-22 15:59:39,34.58683,-106.31417,9,310,16264.74, StrTrk 13 9 1.39V -38C 10754Pa ,20000
2022-08-22 16:00:39,2022-08-22 16:00:39,34.58867,-106.316,19,325,16452.8, StrTrk 14 9 1.38V -39C 10405Pa ,20000
2022-08-22 16:01:39,2022-08-22 16:01:39,34.59,-106.31567,2,268,16638.73, StrTrk 15 9 1.39V -39C 10080Pa ,20000
2022-08-22 16:02:39,2022-08-22 16:02:39,34.59,-106.316,9,68,16829.53, StrTrk 16 9 1.39V -39C 9753Pa ,20000
2022-08-22 16:03:39,2022-08-22 16:03:39,34.59117,-106.31567,15,340,17000.83, StrTrk 17 9 1.40V -38C 9456Pa ,20000
2022-08-22 16:04:39,2022-08-22 16:04:39,34.59267,-106.31583,15,50,17162.68, StrTrk 18 9 1.40V -38C 9202Pa ,20000
2022-08-22 16:05:39,2022-08-22 16:05:39,34.5955,-106.31533,9,17,17329.71, StrTrk 19 9 1.39V -38C 8927Pa ,20000
2022-08-22 16:07:39,2022-08-22 16:07:39,34.59483,-106.31283,15,180,17680.84, StrTrk 21 9 1.39V -38C 8410Pa ,20000
2022-08-22 16:08:39,2022-08-22 16:08:39,34.59183,-106.31383,26,206,17834.76, StrTrk 22 9 1.40V -37C 8156Pa ,20000
2022-08-22 16:09:39,2022-08-22 16:09:39,34.58883,-106.31683,24,232,17978.63, StrTrk 23 9 1.40V -36C 7988Pa ,20000
2022-08-22 16:10:39,2022-08-22 16:10:39,34.586,-106.32083,35,229,18070.68, StrTrk 24 9 1.41V -36C 7842Pa ,20000
2022-08-22 16:11:39,2022-08-22 16:11:39,34.583,-106.32667,39,247,18172.79, StrTrk 25 9 1.41V -34C 7687Pa ,20000
2022-08-22 16:12:39,2022-08-22 16:12:39,34.58117,-106.332,17,235,18338.6, StrTrk 26 9 1.41V -33C 7482Pa ,20000
2022-08-22 16:13:39,2022-08-22 16:13:39,34.5805,-106.33567,15,259,18487.64, StrTrk 27 9 1.41V -33C 7301Pa ,20000
2022-08-22 16:15:39,2022-08-22 16:15:39,34.57933,-106.34367,33,258,18783.91, StrTrk 29 9 1.43V -32C 6924Pa ,20000
2022-08-22 16:16:39,2022-08-22 16:16:39,34.57883,-106.34933,28,273,18917.72, StrTrk 30 9 1.43V -31C 6772Pa ,20000
2022-08-22 16:17:39,2022-08-22 16:17:39,34.58,-106.35417,24,299,19048.78, StrTrk 31 9 1.43V -32C 6624Pa ,20000
2022-08-22 16:18:39,2022-08-22 16:18:39,34.58183,-106.35717,17,310,19139.92, StrTrk 32 9 1.44V -30C 6518Pa ,20000
2022-08-22 16:19:39,2022-08-22 16:19:39,34.58383,-106.35933,19,327,19213.68, StrTrk 33 9 1.43V -29C 6445Pa ,20000
2022-08-22 16:20:39,2022-08-22 16:20:39,34.58633,-106.362,22,318,19286.83, StrTrk 34 9 1.45V -29C 6362Pa ,20000
2022-08-22 16:21:39,2022-08-22 16:21:39,34.588,-106.36483,19,304,19379.79, StrTrk 35 9 1.44V -28C 6267Pa ,20000
2022-08-22 16:22:39,2022-08-22 16:22:39,34.58883,-106.3675,11,289,19485.86, StrTrk 36 9 1.45V -28C 6153Pa ,20000
2022-08-22 16:23:39,2022-08-22 16:23:39,34.58867,-106.36967,7,239,19575.78, StrTrk 37 9 1.46V -28C 6060Pa ,20000
2022-08-22 16:24:39,2022-08-22 16:24:39,34.588,-106.3715,17,257,19659.9, StrTrk 38 9 1.47V -29C 5970Pa ,20000
2022-08-22 16:25:39,2022-08-22 16:25:39,34.58817,-106.375,19,276,19747.69, StrTrk 39 9 1.47V -30C 5877Pa ,20000
2022-08-22 16:26:39,2022-08-22 16:26:39,34.58917,-106.37783,13,299,19851.93, StrTrk 40 9 1.47V -27C 5777Pa ,20000
2022-08-22 16:27:39,2022-08-22 16:27:39,34.58967,-106.38033,17,263,19970.8, StrTrk 41 9 1.47V -27C 5670Pa ,20000
2022-08-22 16:28:39,2022-08-22 16:28:39,34.589,-106.38367,20,244,20023.84, StrTrk 42 9 1.47V -27C 5611Pa ,20000
2022-08-22 16:30:39,2022-08-22 16:30:39,34.58533,-106.39267,30,247,20052.79, StrTrk 44 9 1.47V -23C 5597Pa ,20000
2022-08-22 16:31:39,2022-08-22 16:31:39,34.58383,-106.39733,24,252,20122.9, StrTrk 45 9 1.47V -22C 5541Pa ,20000
2022-08-22 16:32:39,2022-08-22 16:32:39,34.58317,-106.40117,19,270,20227.75, StrTrk 46 9 1.48V -24C 5434Pa ,20000
2022-08-22 16:34:39,2022-08-22 16:34:39,34.58383,-106.407,15,285,20239.94, StrTrk 48 9 1.49V -22C 5433Pa ,20000
2022-08-22 16:35:39,2022-08-22 16:35:39,34.5845,-106.40967,13,285,20194.83, StrTrk 49 9 1.49V -20C 5479Pa ,20000
2022-08-22 16:36:39,2022-08-22 16:36:39,34.585,-106.412,9,268,20222.87, StrTrk 50 9 1.49V -21C 5454Pa ,20000
2022-08-22 16:37:39,2022-08-22 16:37:39,34.58533,-106.414,13,287,20221.96, StrTrk 51 9 1.49V -20C 5462Pa ,20000
2022-08-22 16:38:39,2022-08-22 16:38:39,34.586,-106.41633,13,291,20232.93, StrTrk 52 9 1.49V -18C 5449Pa ,20000
2022-08-22 16:39:39,2022-08-22 16:39:39,34.58683,-106.41867,13,285,20189.95, StrTrk 53 9 1.49V -18C 5498Pa ,20000
2022-08-22 16:40:39,2022-08-22 16:40:39,34.58717,-106.42133,15,274,20165.87, StrTrk 54 9 1.49V -17C 5526Pa ,20000
2022-08-22 16:41:39,2022-08-22 16:41:39,34.58717,-106.424,13,270,20171.97, StrTrk 55 9 1.49V -16C 5531Pa ,20000
2022-08-22 16:42:39,2022-08-22 16:42:39,34.587,-106.42667,15,265,20170.75, StrTrk 56 9 1.49V -15C 5536Pa ,20000
2022-08-22 16:43:39,2022-08-22 16:43:39,34.58683,-106.4295,15,260,20151.85, StrTrk 57 9 1.50V -14C 5550Pa ,20000
2022-08-22 16:44:39,2022-08-22 16:44:39,34.58633,-106.4325,17,256,20131.74, StrTrk 58 9 1.49V -15C 5582Pa ,20000
2022-08-22 16:45:39,2022-08-22 16:45:39,34.58567,-106.4355,17,256,20128.69, StrTrk 59 9 1.49V -15C 5570Pa ,20000
2022-08-22 16:46:39,2022-08-22 16:46:39,34.585,-106.439,19,257,20134.78, StrTrk 60 9 1.50V -15C 5560Pa ,20000
2022-08-22 16:47:39,2022-08-22 16:47:39,34.58433,-106.44267,20,255,20116.8, StrTrk 61 9 1.50V -14C 5577Pa ,20000
2022-08-22 16:48:39,2022-08-22 16:48:39,34.58333,-106.4465,22,252,20081.75, StrTrk 62 9 1.50V -14C 5621Pa ,20000
2022-08-22 16:49:39,2022-08-22 16:49:39,34.58217,-106.45067,24,249,20054.93, StrTrk 63 9 1.49V -13C 5649Pa ,20000
2022-08-22 16:50:39,2022-08-22 16:50:39,34.58083,-106.45483,26,245,20050.96, StrTrk 64 9 1.49V -13C 5648Pa ,20000
2022-08-22 16:51:39,2022-08-22 16:51:39,34.579,-106.45933,26,243,20061.94, StrTrk 65 9 1.50V -13C 5642Pa ,20000
2022-08-22 16:52:39,2022-08-22 16:52:39,34.577,-106.464,30,243,20039.69, StrTrk 66 9 1.49V -15C 5658Pa ,20000
2022-08-22 16:53:39,2022-08-22 16:53:39,34.575,-106.469,31,242,20009.82, StrTrk 67 9 1.50V -15C 5679Pa ,20000
2022-08-22 16:54:39,2022-08-22 16:54:39,34.57267,-106.47417,31,241,19994.88, StrTrk 68 9 1.50V -14C 5697Pa ,20000
2022-08-22 16:55:39,2022-08-22 16:55:39,34.57033,-106.4795,33,239,20007.68, StrTrk 69 9 1.50V -16C 5678Pa ,20000
2022-08-22 16:56:39,2022-08-22 16:56:39,34.56767,-106.48483,33,238,20016.83, StrTrk 70 9 1.50V -17C 5665Pa ,20000
2022-08-22 16:57:39,2022-08-22 16:57:39,34.56517,-106.49,31,239,19992.75, StrTrk 71 9 1.51V -19C 5662Pa ,20000
2022-08-22 16:58:39,2022-08-22 16:58:39,34.56267,-106.49483,30,237,19956.78, StrTrk 72 9 1.50V -20C 5704Pa ,20000
2022-08-22 16:59:39,2022-08-22 16:59:39,34.5605,-106.49883,22,239,19927.82, StrTrk 73 9 1.51V -19C 5740Pa ,20000
2022-08-22 17:01:39,2022-08-22 17:01:39,34.55883,-106.50483,11,272,19892.77, StrTrk 75 9 1.49V -20C 5770Pa ,20000
2022-08-22 17:02:39,2022-08-22 17:02:39,34.55917,-106.507,11,285,19872.96, StrTrk 76 9 1.49V -20C 5790Pa ,20000
2022-08-22 17:03:39,2022-08-22 17:03:39,34.55983,-106.50917,11,291,19855.89, StrTrk 77 9 1.49V -19C 5805Pa ,20000
2022-08-22 17:05:39,2022-08-22 17:05:39,34.56183,-106.51267,11,311,19805.9, StrTrk 79 9 1.50V -19C 5856Pa ,20000
2022-08-22 17:07:39,2022-08-22 17:07:39,34.56417,-106.51633,11,300,19795.85, StrTrk 81 9 1.50V -20C 5863Pa ,20000
2022-08-22 17:08:39,2022-08-22 17:08:39,34.565,-106.51833,11,294,19800.72, StrTrk 82 9 1.51V -19C 5856Pa ,20000
2022-08-22 17:09:39,2022-08-22 17:09:39,34.56583,-106.52067,13,292,19787.92, StrTrk 83 9 1.50V -18C 5879Pa ,20000
2022-08-22 17:10:39,2022-08-22 17:10:39,34.5665,-106.523,13,290,19760.79, StrTrk 84 9 1.49V -17C 5918Pa ,20000
2022-08-22 17:12:39,2022-08-22 17:12:39,34.568,-106.52783,15,290,19748.91, StrTrk 86 9 1.49V -15C 5927Pa ,20000
2022-08-22 17:13:39,2022-08-22 17:13:39,34.56883,-106.53033,15,293,19773.9, StrTrk 87 9 1.49V -14C 5902Pa ,20000
2022-08-22 17:14:40,2022-08-22 17:14:40,34.56967,-106.53267,13,297,19799.81, StrTrk 88 9 1.50V -14C 5888Pa ,20000
2022-08-22 17:15:39,2022-08-22 17:15:39,34.57083,-106.5345,11,316,19841.87, StrTrk 89 9 1.49V -16C 5837Pa ,20000
2022-08-22 17:17:39,2022-08-22 17:17:39,34.57317,-106.53767,13,306,19845.83, StrTrk 91 9 1.50V -19C 5812Pa ,20000
2022-08-22 17:18:39,2022-08-22 17:18:39,34.57433,-106.5395,11,308,19829.68, StrTrk 92 9 1.51V -19C 5835Pa ,20000
2022-08-22 17:19:39,2022-08-22 17:19:39,34.57567,-106.5415,13,305,19794.93, StrTrk 93 9 1.51V -18C 5876Pa ,20000
2022-08-22 17:20:39,2022-08-22 17:20:39,34.577,-106.54367,15,306,19781.82, StrTrk 94 9 1.50V -17C 5894Pa ,20000
2022-08-22 17:21:39,2022-08-22 17:21:39,34.57817,-106.546,15,303,19764.76, StrTrk 95 9 1.50V -16C 5916Pa ,20000
2022-08-22 17:22:39,2022-08-22 17:22:39,34.5795,-106.54833,15,302,19756.83, StrTrk 96 9 1.50V -16C 5923Pa ,20000
2022-08-22 17:23:39,2022-08-22 17:23:39,34.58083,-106.55067,15,301,19758.66, StrTrk 97 9 1.50V -16C 5922Pa ,20000
2022-08-22 17:24:39,2022-08-22 17:24:39,34.582,-106.55333,15,300,19754.7, StrTrk 98 9 1.49V -16C 5921Pa ,20000
2022-08-22 17:25:39,2022-08-22 17:25:39,34.58333,-106.55583,17,299,19747.69, StrTrk 99 9 1.50V -16C 5928Pa ,20000
2022-08-22 17:26:40,2022-08-22 17:26:40,34.5845,-106.5585,17,298,19739.76, StrTrk 100 9 1.49V -17C 5937Pa ,20000
2022-08-22 17:27:39,2022-08-22 17:27:39,34.58583,-106.56133,17,297,19725.74, StrTrk 101 9 1.50V -18C 5944Pa ,20000
2022-08-22 17:28:39,2022-08-22 17:28:39,34.587,-106.56417,17,295,19710.81, StrTrk 102 9 1.50V -20C 5947Pa ,20000
2022-08-22 17:29:39,2022-08-22 17:29:39,34.58817,-106.567,15,293,19695.87, StrTrk 103 9 1.49V -20C 5961Pa ,20000
2022-08-22 17:30:39,2022-08-22 17:30:39,34.589,-106.56983,17,293,19701.66, StrTrk 104 9 1.50V -19C 5958Pa ,16000
2022-08-22 17:31:39,2022-08-22 17:31:39,34.58983,-106.57267,11,266,19658.69, StrTrk 105 9 1.50V -19C 6011Pa ,16000
2022-08-22 17:32:39,2022-08-22 17:32:39,34.5895,-106.57467,13,297,19409.66, StrTrk 106 9 1.49V -22C 6261Pa ,16000
2022-08-22 17:33:39,2022-08-22 17:33:39,34.59167,-106.577,19,302,19093.89, StrTrk 107 9 1.49V -26C 6594Pa ,16000
2022-08-22 17:34:40,2022-08-22 17:34:40,34.59217,-106.58217,28,278,18796.71, StrTrk 108 9 1.48V -28C 6937Pa ,16000
2022-08-22 17:35:39,2022-08-22 17:35:39,34.593,-106.587,30,288,18515.69, StrTrk 109 9 1.48V -30C 7269Pa ,16000
2022-08-22 17:36:39,2022-08-22 17:36:39,34.59367,-106.59283,41,271,18245.63, StrTrk 110 9 1.47V -32C 7619Pa ,16000
2022-08-22 17:37:39,2022-08-22 17:37:39,34.5925,-106.59983,33,250,17979.85, StrTrk 111 9 1.47V -33C 7979Pa ,16000
2022-08-22 17:39:39,2022-08-22 17:39:39,34.58883,-106.60417,7,121,17548.56, StrTrk 113 9 1.45V -36C 8602Pa ,16000
2022-08-22 17:40:39,2022-08-22 17:40:39,34.589,-106.60133,22,68,17391.58, StrTrk 114 9 1.46V -37C 8844Pa ,16000
2022-08-22 17:41:39,2022-08-22 17:41:39,34.59067,-106.59867,15,43,17302.58, StrTrk 115 9 1.45V -37C 8990Pa ,16000
2022-08-22 17:42:39,2022-08-22 17:42:39,34.59233,-106.597,13,43,17240.71, StrTrk 116 9 1.45V -36C 9072Pa ,16000
2022-08-22 17:43:40,2022-08-22 17:43:40,34.5935,-106.59517,9,65,17182.8, StrTrk 117 9 1.44V -35C 9184Pa ,16000
2022-08-22 17:44:39,2022-08-22 17:44:39,34.594,-106.59367,7,65,17120.62, StrTrk 118 9 1.44V -33C 9265Pa ,16000
2022-08-22 17:45:39,2022-08-22 17:45:39,34.5945,-106.59233,6,60,17095.62, StrTrk 119 9 1.43V -32C 9292Pa ,16000
2022-08-22 17:46:39,2022-08-22 17:46:39,34.595,-106.5915,6,56,17047.77, StrTrk 120 9 1.44V -32C 9373Pa ,16000
2022-08-22 17:47:39,2022-08-22 17:47:39,34.59517,-106.59067,4,115,16992.6, StrTrk 121 9 1.44V -32C 9467Pa ,16000
2022-08-22 17:48:39,2022-08-22 17:48:39,34.59433,-106.59,9,150,16915.79, StrTrk 122 9 1.44V -32C 9598Pa ,16000
2022-08-22 17:50:39,2022-08-22 17:50:39,34.59283,-106.588,6,84,16809.72, StrTrk 124 9 1.44V -34C 9778Pa ,16000
2022-08-22 17:51:39,2022-08-22 17:51:39,34.59317,-106.58683,6,77,16740.53, StrTrk 125 9 1.43V -35C 9897Pa ,16000
2022-08-22 17:52:39,2022-08-22 17:52:39,34.59333,-106.58567,6,86,16708.53, StrTrk 126 9 1.43V -35C 9952Pa ,16000
2022-08-22 17:54:39,2022-08-22 17:54:39,34.59367,-106.58283,7,67,16629.58, StrTrk 128 9 1.44V -35C 10094Pa ,16000
2022-08-22 17:55:39,2022-08-22 17:55:39,34.59433,-106.58167,7,48,16594.53, StrTrk 129 9 1.44V -34C 10161Pa ,16000
2022-08-22 17:56:39,2022-08-22 17:56:39,34.59533,-106.58067,6,31,16549.73, StrTrk 130 9 1.45V -34C 10227Pa ,16000
2022-08-22 17:58:39,2022-08-22 17:58:39,34.598,-106.57917,13,28,16452.8, StrTrk 132 9 1.44V -35C 10422Pa ,16000
2022-08-22 17:59:39,2022-08-22 17:59:39,34.59983,-106.578,15,28,16418.66, StrTrk 133 9 1.45V -35C 10483Pa ,16000
2022-08-22 18:00:39,2022-08-22 18:00:39,34.60233,-106.57633,20,29,16375.68, StrTrk 134 9 1.45V -35C 10555Pa ,16000
2022-08-22 18:01:39,2022-08-22 18:01:39,34.60533,-106.57483,24,16,16323.56, StrTrk 135 9 1.44V -35C 10654Pa ,16000
2022-08-22 18:02:39,2022-08-22 18:02:39,34.60917,-106.57367,28,8,16293.69, StrTrk 136 9 1.44V -35C 10707Pa ,16000
2022-08-22 18:03:39,2022-08-22 18:03:39,34.6135,-106.5735,28,356,16266.57, StrTrk 137 9 1.44V -34C 10746Pa ,16000
2022-08-22 18:04:39,2022-08-22 18:04:39,34.61783,-106.57383,28,354,16237.61, StrTrk 138 9 1.43V -34C 10797Pa ,16000
2022-08-22 18:05:39,2022-08-22 18:05:39,34.62167,-106.57433,24,353,16200.73, StrTrk 139 9 1.43V -33C 10863Pa ,16000
2022-08-22 18:06:39,2022-08-22 18:06:39,34.625,-106.575,19,344,16150.74, StrTrk 140 9 1.42V -33C 10963Pa ,16000
2022-08-22 18:07:39,2022-08-22 18:07:39,34.627,-106.576,9,336,16111.73, StrTrk 141 9 1.42V -34C 11041Pa ,16000
2022-08-22 18:08:39,2022-08-22 18:08:39,34.62817,-106.57683,7,329,16082.77, StrTrk 142 9 1.42V -34C 11100Pa ,16000
2022-08-22 18:09:39,2022-08-22 18:09:39,34.62917,-106.5775,6,327,16052.6, StrTrk 143 9 1.42V -34C 11154Pa ,16000
2022-08-22 18:10:39,2022-08-22 18:10:39,34.62983,-106.578,2,344,16019.68, StrTrk 144 9 1.42V -34C 11236Pa ,16000
2022-08-22 18:11:39,2022-08-22 18:11:39,34.63033,-106.57783,2,330,16037.66, StrTrk 145 9 1.42V -33C 11193Pa ,16000
2022-08-22 18:12:39,2022-08-22 18:12:39,34.631,-106.57833,7,338,16109.59, StrTrk 146 9 1.42V -34C 11049Pa ,16000
2022-08-22 18:13:39,2022-08-22 18:13:39,34.63233,-106.57883,7,335,16102.58, StrTrk 147 9 1.42V -35C 11068Pa ,16000
2022-08-22 18:14:39,2022-08-22 18:14:39,34.63333,-106.57933,7,337,16095.57, StrTrk 148 9 1.43V -35C 11071Pa ,16000
2022-08-22 18:15:39,2022-08-22 18:15:39,34.6345,-106.57983,7,339,16091.61, StrTrk 149 9 1.44V -34C 11086Pa ,16000
2022-08-22 18:16:39,2022-08-22 18:16:39,34.6355,-106.58033,6,342,16050.77, StrTrk 150 9 1.44V -36C 11175Pa ,16000
2022-08-22 18:17:39,2022-08-22 18:17:39,34.6365,-106.58083,6,339,16032.48, StrTrk 151 9 1.45V -37C 11214Pa ,16000
2022-08-22 18:18:39,2022-08-22 18:18:39,34.63717,-106.58083,4,11,16015.72, StrTrk 152 9 1.44V -37C 11238Pa ,16000
2022-08-22 18:19:39,2022-08-22 18:19:39,34.63833,-106.5815,7,342,16104.72, StrTrk 153 9 1.44V -37C 11068Pa ,16000
2022-08-22 18:20:39,2022-08-22 18:20:39,34.6395,-106.58167,7,352,16105.63, StrTrk 154 9 1.44V -37C 11068Pa ,16000
2022-08-22 18:21:39,2022-08-22 18:21:39,34.64067,-106.582,7,350,16066.62, StrTrk 155 9 1.43V -36C 11128Pa ,16000
2022-08-22 18:22:39,2022-08-22 18:22:39,34.642,-106.58233,7,351,16051.68, StrTrk 156 9 1.44V -35C 11158Pa ,16000
2022-08-22 18:23:39,2022-08-22 18:23:39,34.64317,-106.5825,7,357,16038.58, StrTrk 157 9 1.45V -35C 11188Pa ,16000
2022-08-22 18:24:39,2022-08-22 18:24:39,34.64433,-106.58233,6,20,16015.72, StrTrk 158 9 1.45V -36C 11239Pa ,16000
2022-08-22 18:25:39,2022-08-22 18:25:39,34.64533,-106.58183,7,4,16032.48, StrTrk 159 9 1.45V -36C 11200Pa ,16000
2022-08-22 18:26:39,2022-08-22 18:26:39,34.64683,-106.58217,9,351,16077.59, StrTrk 160 9 1.44V -35C 11109Pa ,16000
2022-08-22 18:27:39,2022-08-22 18:27:39,34.64833,-106.58233,9,355,16052.6, StrTrk 161 9 1.45V -36C 11172Pa ,16000
2022-08-22 18:28:39,2022-08-22 18:28:39,34.64967,-106.58233,7,359,16024.56, StrTrk 162 9 1.44V -36C 11209Pa ,16000
2022-08-22 18:29:39,2022-08-22 18:29:39,34.65067,-106.58233,6,16,16002.61, StrTrk 163 9 1.44V -35C 11255Pa ,16000
2022-08-22 18:30:39,2022-08-22 18:30:39,34.652,-106.58233,11,347,16051.68, StrTrk 164 9 1.45V -34C 11153Pa ,16000
2022-08-22 18:31:39,2022-08-22 18:31:39,34.6535,-106.58267,11,352,16073.63, StrTrk 165 9 1.44V -34C 11122Pa ,16000
2022-08-22 18:32:39,2022-08-22 18:32:39,34.65517,-106.583,9,355,16019.68, StrTrk 166 9 1.44V -36C 11231Pa ,16000
2022-08-22 18:33:39,2022-08-22 18:33:39,34.65683,-106.58317,9,354,16054.73, StrTrk 167 9 1.44V -35C 11162Pa ,16000
2022-08-22 18:34:40,2022-08-22 18:34:40,34.6585,-106.58333,11,358,16083.69, StrTrk 168 9 1.45V -34C 11100Pa ,16000
2022-08-22 18:35:39,2022-08-22 18:35:39,34.66017,-106.58333,9,355,16043.76, StrTrk 169 9 1.43V -34C 11171Pa ,16000
2022-08-22 18:36:39,2022-08-22 18:36:39,34.66183,-106.5835,11,352,16060.52, StrTrk 170 9 1.44V -32C 11137Pa ,16000
2022-08-22 18:37:39,2022-08-22 18:37:39,34.6635,-106.58367,11,353,16051.68, StrTrk 171 9 1.44V -33C 11153Pa ,16000
2022-08-22 18:38:39,2022-08-22 18:38:39,34.66517,-106.58383,11,356,16047.72, StrTrk 172 9 1.45V -34C 11164Pa ,16000
2022-08-22 18:39:39,2022-08-22 18:39:39,34.667,-106.584,9,5,16015.72, StrTrk 173 9 1.46V -35C 11239Pa ,16000
2022-08-22 18:40:39,2022-08-22 18:40:39,34.6685,-106.58367,11,358,16027.6, StrTrk 174 9 1.45V -35C 11203Pa ,16000
2022-08-22 18:41:39,2022-08-22 18:41:39,34.6705,-106.58383,13,353,16054.73, StrTrk 175 9 1.45V -33C 11147Pa ,16000
2022-08-22 18:42:39,2022-08-22 18:42:39,34.6725,-106.584,13,355,16025.77, StrTrk 176 9 1.44V -33C 11198Pa ,16000
2022-08-22 18:43:39,2022-08-22 18:43:39,34.6745,-106.58417,13,356,16018.76, StrTrk 177 9 1.44V -33C 11204Pa ,16000
2022-08-22 18:44:39,2022-08-22 18:44:39,34.67667,-106.58417,13,359,16023.64, StrTrk 178 9 1.44V -33C 11199Pa ,16000
2022-08-22 18:45:39,2022-08-22 18:45:39,34.6785,-106.584,13,1,16019.68, StrTrk 179 9 1.44V -33C 11224Pa ,16000
2022-08-22 18:46:40,2022-08-22 18:46:40,34.68083,-106.58383,17,7,16055.64, StrTrk 180 9 1.43V -33C 11136Pa ,16000
2022-08-22 18:47:39,2022-08-22 18:47:39,34.6835,-106.5835,17,4,16054.73, StrTrk 181 9 1.43V -34C 11157Pa ,16000
2022-08-22 18:48:39,2022-08-22 18:48:39,34.686,-106.58333,15,3,16013.58, StrTrk 182 9 1.43V -34C 11225Pa ,16000
2022-08-22 18:49:39,2022-08-22 18:49:39,34.6885,-106.58317,17,4,16068.75, StrTrk 183 9 1.42V -32C 11118Pa ,16000
2022-08-22 18:50:39,2022-08-22 18:50:39,34.69117,-106.58283,19,3,16119.65, StrTrk 184 9 1.42V -33C 11022Pa ,16000
2022-08-22 18:52:39,2022-08-22 18:52:39,34.69733,-106.58217,19,5,16048.63, StrTrk 186 9 1.43V -36C 11173Pa ,16000
2022-08-22 18:53:40,2022-08-22 18:53:40,34.70017,-106.58183,17,5,16025.77, StrTrk 187 9 1.43V -35C 11220Pa ,16000
2022-08-22 18:54:39,2022-08-22 18:54:39,34.703,-106.58133,17,8,16016.63, StrTrk 188 9 1.43V -34C 11216Pa ,16000
2022-08-22 18:55:39,2022-08-22 18:55:39,34.7055,-106.58083,17,9,16023.64, StrTrk 189 9 1.43V -32C 11198Pa ,16000
2022-08-22 18:56:39,2022-08-22 18:56:39,34.7085,-106.58033,22,10,16093.74, StrTrk 190 9 1.44V -32C 11057Pa ,16000
2022-08-22 18:57:39,2022-08-22 18:57:39,34.71167,-106.57983,19,7,16069.67, StrTrk 191 9 1.44V -35C 11137Pa ,16000
2022-08-22 18:58:39,2022-08-22 18:58:39,34.7145,-106.57917,19,8,16038.58, StrTrk 192 9 1.43V -35C 11179Pa ,16000
2022-08-22 18:59:39,2022-08-22 18:59:39,34.71733,-106.57867,19,11,16067.53, StrTrk 193 9 1.44V -34C 11111Pa ,16000
2022-08-22 19:00:39,2022-08-22 19:00:39,34.72017,-106.57783,19,10,16023.64, StrTrk 194 9 1.44V -34C 11204Pa ,18000
2022-08-22 19:01:39,2022-08-22 19:01:39,34.723,-106.57717,19,14,16021.51, StrTrk 195 9 1.45V -34C 11146Pa ,18000
2022-08-22 19:02:39,2022-08-22 19:02:39,34.72767,-106.57617,37,16,16148.61, StrTrk 196 9 1.44V -34C 10932Pa ,18000
2022-08-22 19:03:39,2022-08-22 19:03:39,34.7325,-106.5735,26,27,16273.58, StrTrk 197 9 1.44V -35C 10717Pa ,18000
2022-08-22 19:04:39,2022-08-22 19:04:39,34.73533,-106.57233,15,37,16437.56, StrTrk 198 9 1.44V -37C 10438Pa ,18000
2022-08-22 19:05:40,2022-08-22 19:05:40,34.7365,-106.5705,11,58,16590.57, StrTrk 199 9 1.43V -39C 10180Pa ,18000
2022-08-22 19:06:39,2022-08-22 19:06:39,34.7385,-106.57033,11,342,16728.64, StrTrk 200 9 1.42V -39C 9943Pa ,18000
2022-08-22 19:07:39,2022-08-22 19:07:39,34.73867,-106.57133,7,256,16863.67, StrTrk 201 9 1.40V -39C 9712Pa ,18000
2022-08-22 19:08:39,2022-08-22 19:08:39,34.73883,-106.57217,6,1,17001.74, StrTrk 202 9 1.40V -39C 9489Pa ,18000
2022-08-22 19:09:39,2022-08-22 19:09:39,34.74,-106.57167,9,60,17140.73, StrTrk 203 9 1.39V -39C 9247Pa ,18000
2022-08-22 19:10:39,2022-08-22 19:10:39,34.74017,-106.5695,17,73,17292.83, StrTrk 204 9 1.38V -39C 9009Pa ,18000
2022-08-22 19:11:39,2022-08-22 19:11:39,34.7405,-106.56633,9,134,17430.6, StrTrk 205 9 1.39V -39C 8793Pa ,18000
2022-08-22 19:12:43,2022-08-22 19:12:43,34.73883,-106.566,9,198,17562.58, StrTrk 206 9 1.37V -40C 8595Pa ,18000
2022-08-22 19:13:39,2022-08-22 19:13:39,34.737,-106.56733,28,209,17694.86, StrTrk 207 9 1.37V -40C 8403Pa ,18000
2022-08-22 19:14:43,2022-08-22 19:14:43,34.73417,-106.57083,26,235,17799.71, StrTrk 208 9 1.37V -40C 8260Pa ,18000
2022-08-22 19:15:39,2022-08-22 19:15:39,34.73283,-106.57467,20,258,17916.75, StrTrk 209 9 1.38V -40C 8080Pa ,18000
2022-08-22 19:17:40,2022-08-22 19:17:40,34.73183,-106.585,30,269,18086.83, StrTrk 211 9 1.38V -39C 7839Pa ,18000
2022-08-22 19:18:39,2022-08-22 19:18:39,34.73117,-106.5905,26,261,17947.84, StrTrk 212 9 1.39V -39C 8042Pa ,18000
2022-08-22 19:19:39,2022-08-22 19:19:39,34.7305,-106.5945,22,256,17937.78, StrTrk 213 9 1.38V -39C 8041Pa ,18000
2022-08-22 19:21:39,2022-08-22 19:21:39,34.72917,-106.605,28,260,18017.64, StrTrk 215 9 1.40V -37C 7918Pa ,18000
2022-08-22 19:22:39,2022-08-22 19:22:39,34.7285,-106.61033,28,262,17930.77, StrTrk 216 9 1.40V -37C 8042Pa ,18000
2022-08-22 19:23:39,2022-08-22 19:23:39,34.72767,-106.61567,30,258,18029.83, StrTrk 217 9 1.40V -37C 7921Pa ,18000
2022-08-22 19:24:39,2022-08-22 19:24:39,34.7275,-106.6215,31,268,18073.73, StrTrk 218 9 1.41V -37C 7848Pa ,18000
2022-08-22 19:25:39,2022-08-22 19:25:39,34.727,-106.62683,26,262,17935.65, StrTrk 219 9 1.41V -38C 8050Pa ,18000
2022-08-22 19:26:39,2022-08-22 19:26:39,34.7265,-106.6315,28,259,17978.63, StrTrk 220 9 1.40V -37C 7977Pa ,18000
2022-08-22 19:27:39,2022-08-22 19:27:39,34.72567,-106.637,31,263,18063.67, StrTrk 221 9 1.40V -37C 7871Pa ,18000
2022-08-22 19:28:39,2022-08-22 19:28:39,34.72517,-106.64283,31,260,18021.6, StrTrk 222 9 1.41V -37C 7913Pa ,18000
2022-08-22 19:29:39,2022-08-22 19:29:39,34.72433,-106.64817,28,261,17950.59, StrTrk 223 9 1.41V -37C 8013Pa ,18000
2022-08-22 19:30:39,2022-08-22 19:30:39,34.72333,-106.65333,31,261,18040.81, StrTrk 224 9 1.42V -36C 7903Pa ,18000
2022-08-22 19:31:39,2022-08-22 19:31:39,34.72283,-106.65933,31,259,18025.87, StrTrk 225 9 1.42V -35C 7925Pa ,18000
2022-08-22 19:32:39,2022-08-22 19:32:39,34.72183,-106.66467,28,256,17964.61, StrTrk 226 9 1.42V -35C 7988Pa ,18000
2022-08-22 19:33:39,2022-08-22 19:33:39,34.72083,-106.67017,30,264,18050.87, StrTrk 227 9 1.42V -35C 7877Pa ,18000
2022-08-22 19:34:39,2022-08-22 19:34:39,34.72033,-106.67567,30,259,18002.71, StrTrk 228 9 1.43V -35C 7946Pa ,18000
2022-08-22 19:35:39,2022-08-22 19:35:39,34.71917,-106.68083,28,248,17985.64, StrTrk 229 9 1.42V -35C 7962Pa ,18000
2022-08-22 19:36:39,2022-08-22 19:36:39,34.71833,-106.68633,30,264,18058.79, StrTrk 230 9 1.44V -35C 7868Pa ,18000
2022-08-22 19:37:39,2022-08-22 19:37:39,34.71783,-106.69183,30,257,17977.71, StrTrk 231 9 1.43V -35C 7982Pa ,18000
2022-08-22 19:38:39,2022-08-22 19:38:39,34.717,-106.697,30,258,17957.6, StrTrk 232 9 1.44V -35C 8006Pa ,18000
2022-08-22 19:39:39,2022-08-22 19:39:39,34.7165,-106.7025,28,268,18031.66, StrTrk 233 9 1.42V -34C 7903Pa ,18000
2022-08-22 19:40:39,2022-08-22 19:40:39,34.716,-106.70767,28,264,18070.68, StrTrk 234 9 1.44V -33C 7853Pa ,18000
2022-08-22 19:41:39,2022-08-22 19:41:39,34.7155,-106.713,28,260,17961.86, StrTrk 235 9 1.44V -35C 7998Pa ,18000
2022-08-22 19:42:39,2022-08-22 19:42:39,34.7145,-106.718,30,266,18031.66, StrTrk 236 9 1.43V -34C 7900Pa ,18000
2022-08-22 19:43:39,2022-08-22 19:43:39,34.7145,-106.7235,30,269,18021.6, StrTrk 237 9 1.43V -34C 7915Pa ,18000
2022-08-22 19:44:39,2022-08-22 19:44:39,34.71383,-106.72883,28,256,17945.71, StrTrk 238 9 1.44V -34C 8016Pa ,18000
2022-08-22 19:45:39,2022-08-22 19:45:39,34.71333,-106.73417,30,263,18055.74, StrTrk 239 9 1.44V -34C 7869Pa ,18000
2022-08-22 19:47:39,2022-08-22 19:47:39,34.712,-106.74467,28,260,17918.58, StrTrk 241 9 1.44V -34C 8066Pa ,18000
2022-08-22 19:49:39,2022-08-22 19:49:39,34.711,-106.7555,30,264,18089.88, StrTrk 243 9 1.43V -33C 7820Pa ,18000
2022-08-22 19:51:39,2022-08-22 19:51:39,34.71,-106.766,26,261,17937.78, StrTrk 245 9 1.44V -35C 8030Pa ,18000
2022-08-22 19:52:39,2022-08-22 19:52:39,34.709,-106.77117,30,265,18001.79, StrTrk 246 9 1.43V -35C 7950Pa ,18000
2022-08-22 19:54:39,2022-08-22 19:54:39,34.70833,-106.78183,31,264,18004.84, StrTrk 248 9 1.44V -34C 7934Pa ,18000
2022-08-22 19:55:39,2022-08-22 19:55:39,34.70783,-106.787,28,265,17954.85, StrTrk 249 9 1.43V -35C 8011Pa ,18000
2022-08-22 19:56:39,2022-08-22 19:56:39,34.707,-106.79217,31,260,18024.65, StrTrk 250 9 1.44V -34C 7919Pa ,18000
2022-08-22 19:57:39,2022-08-22 19:57:39,34.7065,-106.79767,28,265,18054.83, StrTrk 251 9 1.44V -33C 7869Pa ,18000
2022-08-22 19:58:39,2022-08-22 19:58:39,34.706,-106.80267,26,261,17948.76, StrTrk 252 9 1.44V -35C 8021Pa ,18000
2022-08-22 19:59:39,2022-08-22 19:59:39,34.70533,-106.80783,30,265,18026.79, StrTrk 253 9 1.44V -34C 7910Pa ,18000
2022-08-22 20:01:39,2022-08-22 20:01:39,34.70483,-106.81833,28,261,17957.6, StrTrk 255 9 1.43V -32C 8002Pa ,18000
2022-08-22 20:02:39,2022-08-22 20:02:39,34.70467,-106.8235,28,265,18052.69, StrTrk 256 9 1.44V -31C 7869Pa ,18000
2022-08-22 20:03:39,2022-08-22 20:03:39,34.70467,-106.82867,26,268,18068.85, StrTrk 257 9 1.44V -32C 7864Pa ,18000
2022-08-22 20:04:39,2022-08-22 20:04:39,34.70433,-106.83367,26,262,17949.67, StrTrk 258 9 1.44V -34C 8015Pa ,18000
2022-08-22 20:05:39,2022-08-22 20:05:39,34.70367,-106.83883,28,264,18009.72, StrTrk 259 9 1.44V -33C 7925Pa ,18000
2022-08-22 20:06:39,2022-08-22 20:06:39,34.70383,-106.844,28,272,18056.66, StrTrk 260 9 1.45V -32C 7862Pa ,18000
2022-08-22 20:07:39,2022-08-22 20:07:39,34.704,-106.8495,30,269,17971.62, StrTrk 261 9 1.44V -33C 7988Pa ,18000
2022-08-22 20:08:39,2022-08-22 20:08:39,34.70417,-106.855,28,276,18045.68, StrTrk 262 9 1.44V -34C 7890Pa ,18000
2022-08-22 20:09:40,2022-08-22 20:09:40,34.7045,-106.86033,28,272,18024.65, StrTrk 263 9 1.45V -33C 7921Pa ,18000
2022-08-22 20:10:40,2022-08-22 20:10:40,34.7045,-106.86567,28,265,17976.8, StrTrk 264 9 1.44V -34C 7982Pa ,18000
2022-08-22 20:12:39,2022-08-22 20:12:39,34.70467,-106.876,30,270,18024.65, StrTrk 266 9 1.45V -34C 7926Pa ,18000
2022-08-22 20:13:39,2022-08-22 20:13:39,34.70417,-106.88117,30,259,17961.86, StrTrk 267 9 1.45V -33C 8005Pa ,18000
2022-08-22 20:14:39,2022-08-22 20:14:39,34.704,-106.8865,28,272,18026.79, StrTrk 268 9 1.45V -33C 7910Pa ,18000
2022-08-22 20:15:39,2022-08-22 20:15:39,34.70383,-106.8915,28,270,18058.79, StrTrk 269 9 1.45V -31C 7867Pa ,18000
2022-08-22 20:16:39,2022-08-22 20:16:39,34.704,-106.89683,28,263,17934.74, StrTrk 270 9 1.45V -31C 8037Pa ,18000
2022-08-22 20:17:39,2022-08-22 20:17:39,34.70383,-106.902,26,279,18002.71, StrTrk 271 9 1.45V -31C 7947Pa ,18000
2022-08-22 20:18:39,2022-08-22 20:18:39,34.70417,-106.90683,24,275,18063.67, StrTrk 272 9 1.45V -31C 7860Pa ,18000
2022-08-22 20:19:39,2022-08-22 20:19:39,34.7045,-106.91167,28,275,17978.63, StrTrk 273 9 1.45V -32C 7982Pa ,18000
2022-08-22 20:20:39,2022-08-22 20:20:39,34.70433,-106.91667,26,267,17971.62, StrTrk 274 9 1.46V -33C 7986Pa ,18000
2022-08-22 20:23:39,2022-08-22 20:23:39,34.70483,-106.93133,26,266,17948.76, StrTrk 277 9 1.44V -32C 8024Pa ,18000
2022-08-22 20:24:39,2022-08-22 20:24:39,34.705,-106.93633,28,277,18051.78, StrTrk 278 9 1.45V -32C 7880Pa ,18000
2022-08-22 20:25:39,2022-08-22 20:25:39,34.70517,-106.94117,26,274,18037.76, StrTrk 279 9 1.45V -31C 7901Pa ,18000
2022-08-22 20:26:39,2022-08-22 20:26:39,34.7055,-106.94617,26,271,17947.84, StrTrk 280 9 1.44V -31C 8020Pa ,18000
2022-08-22 20:27:39,2022-08-22 20:27:39,34.70583,-106.95067,26,275,18042.64, StrTrk 281 9 1.45V -31C 7889Pa ,18000
2022-08-22 20:28:39,2022-08-22 20:28:39,34.70667,-106.95533,28,285,18105.73, StrTrk 282 9 1.45V -31C 7818Pa ,18000
2022-08-22 20:29:39,2022-08-22 20:29:39,34.7075,-106.96017,26,274,17977.71, StrTrk 283 9 1.45V -31C 7994Pa ,18000
2022-08-22 20:30:39,2022-08-22 20:30:39,34.70733,-106.96483,24,262,17953.63, StrTrk 284 9 1.46V -31C 8007Pa ,14000
2022-08-22 20:31:39,2022-08-22 20:31:39,34.70783,-106.96967,24,284,18013.68, StrTrk 285 9 1.45V -31C 7933Pa ,14000
2022-08-22 20:32:40,2022-08-22 20:32:40,34.70883,-106.97433,26,283,17973.75, StrTrk 286 9 1.45V -30C 7983Pa ,14000
2022-08-22 20:33:39,2022-08-22 20:33:39,34.70917,-106.979,22,274,17853.66, StrTrk 287 9 1.45V -32C 8157Pa ,14000
2022-08-22 20:34:39,2022-08-22 20:34:39,34.70883,-106.98283,22,257,17750.64, StrTrk 288 9 1.45V -35C 8308Pa ,14000
2022-08-22 20:35:39,2022-08-22 20:35:39,34.70767,-106.98683,24,243,17676.57, StrTrk 289 9 1.44V -34C 8403Pa ,14000
2022-08-22 20:37:39,2022-08-22 20:37:39,34.7035,-106.99183,13,210,17504.66, StrTrk 291 9 1.45V -33C 8654Pa ,14000
2022-08-22 20:38:39,2022-08-22 20:38:39,34.702,-106.99267,9,191,17492.78, StrTrk 292 9 1.44V -33C 8680Pa ,14000
2022-08-22 20:39:39,2022-08-22 20:39:39,34.70067,-106.9925,7,153,17439.74, StrTrk 293 9 1.44V -34C 8754Pa ,14000
2022-08-22 20:40:39,2022-08-22 20:40:39,34.69933,-106.99083,17,124,17359.58, StrTrk 294 9 1.44V -34C 8887Pa ,14000
2022-08-22 20:41:39,2022-08-22 20:41:39,34.698,-106.98833,13,123,17292.83, StrTrk 295 9 1.45V -33C 8990Pa ,14000
2022-08-22 20:42:39,2022-08-22 20:42:39,34.697,-106.98683,9,144,17228.82, StrTrk 296 9 1.44V -32C 9091Pa ,14000
2022-08-22 20:43:39,2022-08-22 20:43:39,34.6955,-106.98617,7,170,17165.73, StrTrk 297 9 1.43V -32C 9197Pa ,14000
2022-08-22 20:44:39,2022-08-22 20:44:39,34.6945,-106.98617,4,181,17132.81, StrTrk 298 9 1.44V -32C 9237Pa ,14000
2022-08-22 20:45:39,2022-08-22 20:45:39,34.69417,-106.98633,2,202,17106.6, StrTrk 299 9 1.42V -31C 9278Pa ,14000
2022-08-22 20:46:39,2022-08-22 20:46:39,34.69417,-106.9865,2,338,17046.55, StrTrk 300 9 1.43V -31C 9374Pa ,14000
2022-08-22 20:47:39,2022-08-22 20:47:39,34.69433,-106.987,2,297,16988.64, StrTrk 301 9 1.44V -31C 9472Pa ,14000
2022-08-22 20:48:39,2022-08-22 20:48:39,34.694,-106.98733,2,214,16925.54, StrTrk 302 9 1.44V -32C 9590Pa ,14000
2022-08-22 20:49:39,2022-08-22 20:49:39,34.69417,-106.98733,4,38,16865.8, StrTrk 303 9 1.43V -34C 9684Pa ,14000
2022-08-22 20:50:39,2022-08-22 20:50:39,34.695,-106.98633,7,37,16819.78, StrTrk 304 9 1.43V -34C 9766Pa ,14000
2022-08-22 20:52:39,2022-08-22 20:52:39,34.69783,-106.98383,11,36,16766.74, StrTrk 306 9 1.44V -33C 9866Pa ,14000
2022-08-22 20:53:39,2022-08-22 20:53:39,34.69917,-106.98233,11,47,16726.81, StrTrk 307 9 1.44V -33C 9933Pa ,14000
2022-08-22 20:54:39,2022-08-22 20:54:39,34.7005,-106.98067,13,50,16675.61, StrTrk 308 9 1.44V -33C 10016Pa ,14000
2022-08-22 20:55:39,2022-08-22 20:55:39,34.70167,-106.97883,11,56,16633.55, StrTrk 309 9 1.45V -32C 10096Pa ,14000
2022-08-22 20:57:39,2022-08-22 20:57:39,34.70367,-106.97383,17,65,16546.68, StrTrk 311 9 1.45V -31C 10232Pa ,14000
2022-08-22 20:58:39,2022-08-22 20:58:39,34.705,-106.97083,19,59,16530.52, StrTrk 312 9 1.45V -30C 10246Pa ,14000
2022-08-22 20:59:39,2022-08-22 20:59:39,34.70717,-106.96783,24,44,16510.71, StrTrk 313 9 1.45V -30C 10296Pa ,14000
2022-08-22 21:00:39,2022-08-22 21:00:39,34.71,-106.9645,28,41,16468.65, StrTrk 314 9 1.45V -30C 10353Pa ,14000
2022-08-22 21:02:39,2022-08-22 21:02:39,34.717,-106.957,33,39,16364.71, StrTrk 316 9 1.45V -29C 10545Pa ,14000
2022-08-22 21:03:39,2022-08-22 21:03:39,34.72083,-106.95283,37,41,16346.73, StrTrk 317 9 1.46V -29C 10578Pa ,14000
2022-08-22 21:04:39,2022-08-22 21:04:39,34.7245,-106.94867,30,48,16325.7, StrTrk 318 9 1.46V -31C 10628Pa ,14000
2022-08-22 21:05:39,2022-08-22 21:05:39,34.72717,-106.94467,28,52,16287.6, StrTrk 319 9 1.47V -31C 10701Pa ,14000
2022-08-22 21:07:38,2022-08-22 21:07:38,34.73167,-106.93683,24,60,16254.68, StrTrk 321 9 1.46V -32C 10755Pa ,14000
2022-08-22 21:08:39,2022-08-22 21:08:39,34.73367,-106.93283,24,58,16260.78, StrTrk 322 9 1.47V -31C 10744Pa ,14000
2022-08-22 21:09:38,2022-08-22 21:09:38,34.73667,-106.92933,30,32,16213.53, StrTrk 323 9 1.45V -31C 10836Pa ,14000
2022-08-22 21:10:38,2022-08-22 21:10:38,34.74117,-106.92667,33,20,16151.66, StrTrk 324 9 1.45V -30C 10956Pa ,14000
2022-08-22 21:11:38,2022-08-22 21:11:38,34.74633,-106.925,35,9,16095.57, StrTrk 325 9 1.44V -29C 11055Pa ,14000
2022-08-22 21:12:38,2022-08-22 21:12:38,34.75133,-106.924,31,11,16060.52, StrTrk 326 9 1.44V -29C 11132Pa ,14000
2022-08-22 21:13:38,2022-08-22 21:13:38,34.756,-106.92267,30,15,16012.67, StrTrk 327 9 1.44V -30C 11225Pa ,14000
2022-08-22 21:14:38,2022-08-22 21:14:38,34.7605,-106.92117,30,15,16012.67, StrTrk 328 9 1.44V -28C 11223Pa ,14000
2022-08-22 21:15:38,2022-08-22 21:15:38,34.765,-106.91967,30,15,16024.56, StrTrk 329 9 1.45V -28C 11186Pa ,14000
2022-08-22 21:17:38,2022-08-22 21:17:38,34.77383,-106.91683,30,14,16034.61, StrTrk 331 9 1.46V -26C 11171Pa ,14000
2022-08-22 21:18:38,2022-08-22 21:18:38,34.77817,-106.9155,30,12,16012.67, StrTrk 332 9 1.46V -26C 11197Pa ,14000
2022-08-22 21:19:38,2022-08-22 21:19:38,34.7825,-106.91433,30,11,15995.6, StrTrk 333 9 1.47V -27C 11235Pa ,14000
2022-08-22 21:20:38,2022-08-22 21:20:38,34.787,-106.91317,30,14,15953.54, StrTrk 334 9 1.47V -27C 11325Pa ,14000
2022-08-22 21:21:38,2022-08-22 21:21:38,34.7915,-106.9115,30,17,15912.69, StrTrk 335 9 1.48V -27C 11390Pa ,14000
2022-08-22 21:22:38,2022-08-22 21:22:38,34.79583,-106.90983,30,16,15906.6, StrTrk 336 9 1.48V -27C 11421Pa ,14000
2022-08-22 21:23:38,2022-08-22 21:23:38,34.80033,-106.90833,30,17,15917.57, StrTrk 337 9 1.48V -26C 11388Pa ,14000
2022-08-22 21:24:38,2022-08-22 21:24:38,34.80467,-106.9065,28,19,15913.61, StrTrk 338 9 1.48V -26C 11409Pa ,14000
2022-08-22 21:25:38,2022-08-22 21:25:38,34.80833,-106.90467,24,23,15871.55, StrTrk 339 9 1.48V -27C 11478Pa ,14000
2022-08-22 21:26:39,2022-08-22 21:26:39,34.8115,-106.90283,20,26,15836.49, StrTrk 340 9 1.48V -27C 11562Pa ,14000
2022-08-22 21:27:38,2022-08-22 21:27:38,34.8145,-106.901,20,25,15805.71, StrTrk 341 9 1.48V -27C 11618Pa ,14000
2022-08-22 21:28:38,2022-08-22 21:28:38,34.81733,-106.89933,19,30,15761.51, StrTrk 342 9 1.47V -26C 11708Pa ,14000
2022-08-22 21:29:38,2022-08-22 21:29:38,34.81933,-106.8975,15,36,15711.53, StrTrk 343 9 1.46V -26C 11806Pa ,14000
2022-08-22 21:30:38,2022-08-22 21:30:38,34.82133,-106.89583,15,35,15685.62, StrTrk 344 9 1.47V -26C 11848Pa ,14000
2022-08-22 21:31:38,2022-08-22 21:31:38,34.82317,-106.89433,15,32,15674.64, StrTrk 345 9 1.45V -27C 11888Pa ,14000
2022-08-22 21:32:38,2022-08-22 21:32:38,34.82533,-106.893,15,23,15651.48, StrTrk 346 9 1.47V -27C 11936Pa ,14000
2022-08-22 21:33:38,2022-08-22 21:33:38,34.8275,-106.892,15,19,15601.49, StrTrk 347 9 1.47V -26C 12026Pa ,14000
2022-08-22 21:34:38,2022-08-22 21:34:38,34.82983,-106.891,15,18,15563.7, StrTrk 348 9 1.47V -24C 12105Pa ,14000
2022-08-22 21:35:38,2022-08-22 21:35:38,34.832,-106.89,13,26,15531.69, StrTrk 349 9 1.47V -25C 12179Pa ,14000
2022-08-22 21:36:38,2022-08-22 21:36:38,34.83317,-106.888,13,61,15479.57, StrTrk 350 9 1.47V -28C 12298Pa ,14000
2022-08-22 21:37:38,2022-08-22 21:37:38,34.834,-106.88533,17,71,15456.71, StrTrk 351 9 1.46V -28C 12345Pa ,14000
2022-08-22 21:38:38,2022-08-22 21:38:38,34.83483,-106.88233,17,72,15428.67, StrTrk 352 9 1.45V -28C 12405Pa ,14000
2022-08-22 21:39:38,2022-08-22 21:39:38,34.83567,-106.87933,17,74,15410.69, StrTrk 353 9 1.47V -28C 12445Pa ,14000
2022-08-22 21:40:39,2022-08-22 21:40:39,34.83633,-106.87633,15,75,15368.63, StrTrk 354 9 1.46V -28C 12536Pa ,14000
2022-08-22 21:41:38,2022-08-22 21:41:38,34.83683,-106.8735,15,80,15333.57, StrTrk 355 9 1.47V -29C 12615Pa ,14000
2022-08-22 21:43:38,2022-08-22 21:43:38,34.83683,-106.86733,17,98,15268.65, StrTrk 357 9 1.47V -30C 12757Pa ,14000
2022-08-22 21:45:38,2022-08-22 21:45:38,34.83533,-106.86067,19,110,15195.5, StrTrk 359 9 1.46V -30C 12925Pa ,14000
2022-08-22 21:47:38,2022-08-22 21:47:38,34.833,-106.854,20,114,15168.68, StrTrk 361 9 1.48V -27C 12968Pa ,14000
2022-08-22 21:49:38,2022-08-22 21:49:38,34.83083,-106.84517,26,99,15126.61, StrTrk 363 9 1.48V -27C 13076Pa ,14000
2022-08-22 21:50:38,2022-08-22 21:50:38,34.83,-106.84,28,100,15117.47, StrTrk 364 9 1.47V -26C 13076Pa ,14000
2022-08-22 21:51:38,2022-08-22 21:51:38,34.82917,-106.83467,28,103,15097.66, StrTrk 365 9 1.47V -25C 13128Pa ,14000
2022-08-22 21:52:38,2022-08-22 21:52:38,34.828,-106.82917,30,103,15084.55, StrTrk 366 9 1.47V -25C 13159Pa ,14000
2022-08-22 21:53:38,2022-08-22 21:53:38,34.827,-106.82333,33,100,15075.71, StrTrk 367 9 1.46V -25C 13178Pa ,14000
2022-08-22 21:54:38,2022-08-22 21:54:38,34.82617,-106.8175,31,100,15086.69, StrTrk 368 9 1.47V -24C 13149Pa ,14000
2022-08-22 21:55:38,2022-08-22 21:55:38,34.82517,-106.8115,33,101,15072.66, StrTrk 369 9 1.47V -25C 13187Pa ,14000
2022-08-22 21:56:38,2022-08-22 21:56:38,34.82417,-106.80517,33,100,15061.69, StrTrk 370 9 1.47V -25C 13209Pa ,14000
2022-08-22 21:57:38,2022-08-22 21:57:38,34.82317,-106.799,35,101,15032.43, StrTrk 371 9 1.47V -26C 13281Pa ,14000
2022-08-22 21:58:38,2022-08-22 21:58:38,34.82217,-106.7925,37,97,14980.62, StrTrk 372 9 1.47V -27C 13408Pa ,14000
2022-08-22 21:59:38,2022-08-22 21:59:38,34.82167,-106.7855,37,92,14940.69, StrTrk 373 9 1.47V -27C 13502Pa ,14000
2022-08-22 22:00:38,2022-08-22 22:00:38,34.82167,-106.77867,37,87,14898.62, StrTrk 374 9 1.47V -27C 13597Pa ,18000
2022-08-22 22:01:38,2022-08-22 22:01:38,34.822,-106.77183,37,88,14913.56, StrTrk 375 9 1.45V -26C 13546Pa ,18000
2022-08-22 22:02:38,2022-08-22 22:02:38,34.82117,-106.76517,35,101,15022.68, StrTrk 376 9 1.46V -27C 13308Pa ,18000
2022-08-22 22:04:38,2022-08-22 22:04:38,34.81917,-106.75767,9,142,15349.73, StrTrk 378 9 1.45V -34C 12638Pa ,18000
2022-08-22 22:05:38,2022-08-22 22:05:38,34.8195,-106.7585,7,347,15496.64, StrTrk 379 9 1.44V -35C 12304Pa ,18000
2022-08-22 22:06:38,2022-08-22 22:06:38,34.8215,-106.75833,19,35,15687.75, StrTrk 380 9 1.44V -36C 11912Pa ,18000
2022-08-22 22:07:38,2022-08-22 22:07:38,34.82433,-106.75567,19,48,15845.64, StrTrk 381 9 1.41V -35C 11577Pa ,18000
2022-08-22 22:08:38,2022-08-22 22:08:38,34.827,-106.75317,28,17,16019.68, StrTrk 382 9 1.40V -35C 11236Pa ,18000
2022-08-22 22:09:38,2022-08-22 22:09:38,34.83117,-106.75167,28,44,16169.64, StrTrk 383 9 1.39V -36C 10952Pa ,18000
2022-08-22 22:10:38,2022-08-22 22:10:38,34.83417,-106.7475,26,55,16298.57, StrTrk 384 9 1.38V -36C 10701Pa ,18000
2022-08-22 22:12:42,2022-08-22 22:12:42,34.836,-106.7365,35,80,16638.73, StrTrk 386 9 1.37V -37C 10100Pa ,18000
2022-08-22 22:13:38,2022-08-22 22:13:38,34.83467,-106.73183,17,134,16812.77, StrTrk 387 9 1.36V -36C 9783Pa ,18000
2022-08-22 22:15:38,2022-08-22 22:15:38,34.83333,-106.72717,9,56,17093.79, StrTrk 389 9 1.36V -38C 9327Pa ,18000
2022-08-22 22:16:38,2022-08-22 22:16:38,34.8345,-106.72583,11,81,17213.58, StrTrk 390 9 1.36V -38C 9136Pa ,18000
2022-08-22 22:17:38,2022-08-22 22:17:38,34.83333,-106.72333,6,149,17349.83, StrTrk 391 9 1.35V -36C 8906Pa ,18000
2022-08-22 22:18:38,2022-08-22 22:18:38,34.83183,-106.72317,9,257,17501.62, StrTrk 392 9 1.35V -36C 8674Pa ,18000
2022-08-22 22:19:38,2022-08-22 22:19:38,34.83067,-106.72667,17,262,17636.64, StrTrk 393 9 1.36V -37C 8478Pa ,18000
2022-08-22 22:21:42,2022-08-22 22:21:42,34.83283,-106.7335,22,292,17822.57, StrTrk 395 9 1.37V -37C 8203Pa ,18000
2022-08-22 22:22:38,2022-08-22 22:22:38,34.83433,-106.73717,24,297,17926.81, StrTrk 396 9 1.39V -36C 8055Pa ,18000
2022-08-22 22:23:38,2022-08-22 22:23:38,34.8365,-106.74117,28,311,18009.72, StrTrk 397 9 1.39V -35C 7930Pa ,18000
2022-08-22 22:24:38,2022-08-22 22:24:38,34.83883,-106.74583,33,295,18081.65, StrTrk 398 9 1.40V -34C 7844Pa ,18000
2022-08-22 22:25:38,2022-08-22 22:25:38,34.84117,-106.7505,24,306,17980.76, StrTrk 399 9 1.41V -34C 7967Pa ,18000
2022-08-22 22:26:38,2022-08-22 22:26:38,34.843,-106.75433,24,303,17989.6, StrTrk 400 9 1.41V -33C 7956Pa ,18000
2022-08-22 22:27:38,2022-08-22 22:27:38,34.8455,-106.75817,26,304,18056.66, StrTrk 401 9 1.43V -31C 7870Pa ,18000
2022-08-22 22:28:38,2022-08-22 22:28:38,34.848,-106.76183,24,308,17997.83, StrTrk 402 9 1.43V -31C 7954Pa ,18000
2022-08-22 22:29:38,2022-08-22 22:29:38,34.84967,-106.76517,22,302,17993.87, StrTrk 403 9 1.43V -29C 7957Pa ,18000
2022-08-22 22:30:38,2022-08-22 22:30:38,34.85217,-106.76883,26,306,18066.72, StrTrk 404 9 1.43V -28C 7866Pa ,18000
2022-08-22 22:31:38,2022-08-22 22:31:38,34.85433,-106.7725,20,310,18020.69, StrTrk 405 9 1.43V -29C 7934Pa ,18000
2022-08-22 22:33:38,2022-08-22 22:33:38,34.858,-106.77867,24,315,18096.59, StrTrk 407 9 1.44V -27C 7829Pa ,18000
2022-08-22 22:34:39,2022-08-22 22:34:39,34.86017,-106.78167,19,298,17988.69, StrTrk 408 9 1.44V -28C 7969Pa ,18000
2022-08-22 22:35:38,2022-08-22 22:35:38,34.8615,-106.785,20,298,18024.65, StrTrk 409 9 1.45V -28C 7926Pa ,18000
2022-08-22 22:36:38,2022-08-22 22:36:38,34.86383,-106.78817,24,316,18079.82, StrTrk 410 9 1.45V -25C 7850Pa ,18000
2022-08-22 22:37:38,2022-08-22 22:37:38,34.86583,-106.79117,17,296,17991.73, StrTrk 411 9 1.46V -27C 7974Pa ,18000
2022-08-22 22:38:38,2022-08-22 22:38:38,34.86717,-106.79417,20,305,18019.78, StrTrk 412 9 1.45V -26C 7938Pa ,18000
2022-08-22 22:39:38,2022-08-22 22:39:38,34.86967,-106.79717,26,314,18081.65, StrTrk 413 9 1.46V -25C 7854Pa ,18000
2022-08-22 22:40:38,2022-08-22 22:40:38,34.87267,-106.80017,22,320,18029.83, StrTrk 414 9 1.46V -26C 7936Pa ,18000
2022-08-22 22:41:38,2022-08-22 22:41:38,34.87467,-106.80283,20,314,18041.72, StrTrk 415 9 1.46V -25C 7903Pa ,18000
2022-08-22 22:42:38,2022-08-22 22:42:38,34.878,-106.80533,24,331,18091.71, StrTrk 416 9 1.47V -23C 7852Pa ,18000
2022-08-22 22:44:38,2022-08-22 22:44:38,34.88283,-106.81017,24,324,18055.74, StrTrk 418 9 1.46V -24C 7881Pa ,18000
2022-08-22 22:45:38,2022-08-22 22:45:38,34.88617,-106.813,28,324,18081.65, StrTrk 419 9 1.47V -24C 7856Pa ,18000
2022-08-22 22:46:38,2022-08-22 22:46:38,34.8895,-106.81583,24,321,17995.7, StrTrk 420 9 1.47V -24C 7974Pa ,18000
2022-08-22 22:47:38,2022-08-22 22:47:38,34.89283,-106.81883,30,316,18080.74, StrTrk 421 9 1.47V -22C 7853Pa ,18000
2022-08-22 22:48:39,2022-08-22 22:48:39,34.89633,-106.823,30,317,18100.85, StrTrk 422 9 1.47V -22C 7837Pa ,18000
2022-08-22 22:49:38,2022-08-22 22:49:38,34.8995,-106.826,22,321,17998.74, StrTrk 423 9 1.47V -24C 7972Pa ,18000
2022-08-22 22:50:38,2022-08-22 22:50:38,34.90267,-106.82867,30,318,18056.66, StrTrk 424 9 1.47V -25C 7892Pa ,18000
2022-08-22 22:51:39,2022-08-22 22:51:39,34.90583,-106.833,30,309,18097.8, StrTrk 425 9 1.48V -23C 7840Pa ,18000
2022-08-22 22:52:38,2022-08-22 22:52:38,34.90867,-106.8365,24,320,18028.62, StrTrk 426 9 1.47V -22C 7942Pa ,18000
2022-08-22 22:53:38,2022-08-22 22:53:38,34.91167,-106.8395,28,314,18061.84, StrTrk 427 9 1.47V -22C 7887Pa ,18000
2022-08-22 22:54:38,2022-08-22 22:54:38,34.91433,-106.84383,31,309,18068.85, StrTrk 428 9 1.48V -22C 7880Pa ,18000
2022-08-22 22:55:38,2022-08-22 22:55:38,34.91717,-106.84717,24,324,18024.65, StrTrk 429 9 1.48V -22C 7939Pa ,18000
2022-08-22 22:56:38,2022-08-22 22:56:38,34.92017,-106.85033,26,309,18113.65, StrTrk 430 9 1.48V -21C 7821Pa ,18000
2022-08-22 22:57:38,2022-08-22 22:57:38,34.92317,-106.85417,28,325,18067.63, StrTrk 431 9 1.48V -22C 7888Pa ,18000
2022-08-22 22:58:38,2022-08-22 22:58:38,34.92567,-106.85717,22,314,18000.88, StrTrk 432 9 1.48V -25C 7968Pa ,18000
2022-08-22 22:59:38,2022-08-22 22:59:38,34.929,-106.85983,28,319,18098.72, StrTrk 433 9 1.48V -24C 7833Pa ,18000
2022-08-22 23:00:38,2022-08-22 23:00:38,34.932,-106.86367,26,316,18124.63, StrTrk 434 9 1.49V -23C 7805Pa ,18000
2022-08-22 23:01:39,2022-08-22 23:01:39,34.93467,-106.86667,20,301,18015.81, StrTrk 435 9 1.48V -26C 7942Pa ,18000
2022-08-22 23:02:38,2022-08-22 23:02:38,34.93617,-106.86983,22,311,18065.8, StrTrk 436 9 1.48V -22C 7880Pa ,18000
2022-08-22 23:03:38,2022-08-22 23:03:38,34.93883,-106.87283,22,312,18066.72, StrTrk 437 9 1.48V -21C 7880Pa ,18000
2022-08-22 23:04:38,2022-08-22 23:04:38,34.94067,-106.87583,19,298,17991.73, StrTrk 438 9 1.48V -24C 7978Pa ,18000
2022-08-22 23:05:38,2022-08-22 23:05:38,34.9425,-106.87883,33,342,18088.66, StrTrk 439 9 1.48V -22C 7853Pa ,18000
2022-08-22 23:06:38,2022-08-22 23:06:38,34.94533,-106.8815,20,313,18054.83, StrTrk 440 9 1.47V -20C 7898Pa ,18000
2022-08-22 23:07:38,2022-08-22 23:07:38,34.94683,-106.88467,19,296,17954.85, StrTrk 441 9 1.47V -22C 8027Pa ,18000
2022-08-22 23:08:38,2022-08-22 23:08:38,34.94867,-106.888,24,313,18039.59, StrTrk 442 9 1.47V -22C 7914Pa ,18000
2022-08-22 23:09:38,2022-08-22 23:09:38,34.95167,-106.891,24,321,18113.65, StrTrk 443 9 1.48V -21C 7819Pa ,18000
2022-08-22 23:10:38,2022-08-22 23:10:38,34.95433,-106.8935,20,312,18039.59, StrTrk 444 9 1.48V -23C 7924Pa ,18000
2022-08-22 23:11:38,2022-08-22 23:11:38,34.95567,-106.89633,17,300,17963.69, StrTrk 445 9 1.47V -23C 8015Pa ,18000
2022-08-22 23:12:38,2022-08-22 23:12:38,34.9575,-106.89917,22,321,18030.75, StrTrk 446 9 1.48V -24C 7915Pa ,18000
2022-08-22 23:14:38,2022-08-22 23:14:38,34.96367,-106.90433,19,308,17994.78, StrTrk 448 9 1.47V -23C 7977Pa ,18000
2022-08-22 23:16:38,2022-08-22 23:16:38,34.96833,-106.90983,24,326,18131.64, StrTrk 450 9 1.48V -22C 7794Pa ,18000
2022-08-22 23:17:38,2022-08-22 23:17:38,34.9705,-106.91267,20,301,17987.77, StrTrk 451 9 1.48V -25C 7985Pa ,18000
2022-08-22 23:18:38,2022-08-22 23:18:38,34.97233,-106.91533,20,310,17956.68, StrTrk 452 9 1.47V -24C 8022Pa ,18000
2022-08-22 23:21:38,2022-08-22 23:21:38,34.978,-106.92433,19,308,17995.7, StrTrk 455 9 1.47V -25C 7975Pa ,18000
2022-08-22 23:22:38,2022-08-22 23:22:38,34.97967,-106.92717,17,305,17998.74, StrTrk 456 9 1.47V -25C 7961Pa ,18000
2022-08-22 23:23:38,2022-08-22 23:23:38,34.9815,-106.92983,19,304,18083.78, StrTrk 457 9 1.47V -25C 7854Pa ,18000
2022-08-22 23:24:38,2022-08-22 23:24:38,34.98333,-106.9325,19,310,18054.83, StrTrk 458 9 1.47V -26C 7893Pa ,18000
2022-08-22 23:25:38,2022-08-22 23:25:38,34.985,-106.93467,19,304,17923.76, StrTrk 459 9 1.47V -28C 8054Pa ,18000
2022-08-22 23:26:38,2022-08-22 23:26:38,34.98683,-106.93717,17,316,17978.63, StrTrk 460 9 1.47V -27C 7978Pa ,18000
2022-08-22 23:27:38,2022-08-22 23:27:38,34.9885,-106.93967,17,314,18050.87, StrTrk 461 9 1.47V -26C 7888Pa ,18000
2022-08-22 23:28:38,2022-08-22 23:28:38,34.99067,-106.94167,17,322,18092.62, StrTrk 462 9 1.46V -24C 7835Pa ,18000
2022-08-22 23:29:38,2022-08-22 23:29:38,34.99233,-106.94383,15,311,17953.63, StrTrk 463 9 1.47V -27C 8031Pa ,18000
2022-08-22 23:30:38,2022-08-22 23:30:38,34.9935,-106.94583,15,323,17948.76, StrTrk 464 9 1.46V -26C 8030Pa ,16000
2022-08-22 23:31:38,2022-08-22 23:31:38,34.9955,-106.9475,17,318,17992.65, StrTrk 465 9 1.45V -23C 7983Pa ,16000
2022-08-22 23:32:38,2022-08-22 23:32:38,34.9975,-106.94917,13,328,17910.66, StrTrk 466 9 1.45V -25C 8094Pa ,16000
2022-08-22 23:33:38,2022-08-22 23:33:38,34.998,-106.951,9,244,17721.68, StrTrk 467 9 1.45V -29C 8353Pa ,16000
2022-08-22 23:35:38,2022-08-22 23:35:38,34.9965,-106.9555,13,183,17314.77, StrTrk 469 9 1.45V -32C 8968Pa ,16000
2022-08-22 23:36:38,2022-08-22 23:36:38,34.9945,-106.95417,13,146,17130.67, StrTrk 470 9 1.45V -31C 9252Pa ,16000
2022-08-22 23:38:38,2022-08-22 23:38:38,34.99367,-106.95033,17,72,16842.64, StrTrk 472 9 1.44V -32C 9716Pa ,16000
2022-08-22 23:39:38,2022-08-22 23:39:38,34.99417,-106.947,19,82,16830.75, StrTrk 473 9 1.44V -32C 9733Pa ,16000
2022-08-22 23:42:38,2022-08-22 23:42:38,34.99467,-106.93617,24,96,16749.67, StrTrk 476 9 1.45V -30C 9879Pa ,16000
2022-08-22 23:43:38,2022-08-22 23:43:38,34.99433,-106.9315,26,95,16696.64, StrTrk 477 9 1.45V -29C 9967Pa ,16000
2022-08-22 23:44:38,2022-08-22 23:44:38,34.994,-106.92617,30,92,16662.81, StrTrk 478 9 1.45V -28C 10020Pa ,16000
2022-08-22 23:45:38,2022-08-22 23:45:38,34.994,-106.9205,31,86,16598.8, StrTrk 479 9 1.45V -28C 10133Pa ,16000
2022-08-22 23:46:38,2022-08-22 23:46:38,34.99433,-106.914,39,82,16542.72, StrTrk 480 9 1.44V -28C 10222Pa ,16000
2022-08-22 23:47:38,2022-08-22 23:47:38,34.99517,-106.90717,35,80,16532.66, StrTrk 481 9 1.44V -26C 10249Pa ,16000
2022-08-22 23:48:38,2022-08-22 23:48:38,34.99583,-106.90133,28,83,16493.64, StrTrk 482 9 1.44V -27C 10327Pa ,16000
2022-08-22 23:49:38,2022-08-22 23:49:38,34.99633,-106.89667,22,83,16443.66, StrTrk 483 9 1.43V -27C 10419Pa ,16000
2022-08-22 23:50:38,2022-08-22 23:50:38,34.99683,-106.8925,22,79,16409.52, StrTrk 484 9 1.44V -29C 10475Pa ,16000
2022-08-22 23:51:38,2022-08-22 23:51:38,34.998,-106.88767,31,65,16337.58, StrTrk 485 9 1.44V -30C 10621Pa ,16000
2022-08-22 23:52:38,2022-08-22 23:52:38,35.00017,-106.88167,37,67,16283.64, StrTrk 486 9 1.43V -29C 10711Pa ,16000
2022-08-22 23:53:38,2022-08-22 23:53:38,35.00283,-106.87517,41,63,16239.74, StrTrk 487 9 1.43V -29C 10795Pa ,16000
2022-08-22 23:54:38,2022-08-22 23:54:38,35.00583,-106.86833,46,59,16188.54, StrTrk 488 9 1.44V -28C 10888Pa ,16000
2022-08-22 23:55:38,2022-08-22 23:55:38,35.00967,-106.861,46,53,16146.78, StrTrk 489 9 1.43V -27C 10960Pa ,16000
2022-08-22 23:56:38,2022-08-22 23:56:38,35.01433,-106.8545,46,46,16116.6, StrTrk 490 9 1.42V -27C 11021Pa ,16000
2022-08-22 23:57:38,2022-08-22 23:57:38,35.01917,-106.84817,48,47,16144.65, StrTrk 491 9 1.41V -25C 10962Pa ,16000
2022-08-22 23:58:38,2022-08-22 23:58:38,35.02417,-106.84167,48,46,16101.67, StrTrk 492 9 1.41V -25C 11036Pa ,16000
2022-08-22 23:59:38,2022-08-22 23:59:38,35.02933,-106.83517,48,46,16107.77, StrTrk 493 9 1.42V -24C 11022Pa ,16000
2022-08-23 00:00:38,2022-08-23 00:00:38,35.03433,-106.8285,48,47,16117.52, StrTrk 494 9 1.41V -23C 11015Pa ,16000
2022-08-23 00:01:38,2022-08-23 00:01:38,35.0395,-106.822,48,45,16071.49, StrTrk 495 9 1.43V -23C 11105Pa ,16000
2022-08-23 00:02:39,2022-08-23 00:02:39,35.0445,-106.81567,48,46,16075.76, StrTrk 496 9 1.43V -22C 11087Pa ,16000
2022-08-23 00:03:39,2022-08-23 00:03:39,35.0495,-106.80917,46,46,16030.65, StrTrk 497 9 1.43V -24C 11176Pa ,16000
2022-08-23 00:04:38,2022-08-23 00:04:38,35.0545,-106.80267,48,48,16082.77, StrTrk 498 9 1.43V -24C 11061Pa ,16000
2022-08-23 00:05:38,2022-08-23 00:05:38,35.0595,-106.79567,52,49,16114.78, StrTrk 499 9 1.43V -25C 11013Pa ,16000
2022-08-23 00:06:38,2022-08-23 00:06:38,35.06433,-106.78883,48,49,16062.66, StrTrk 500 9 1.44V -28C 11114Pa ,16000
2022-08-23 00:08:38,2022-08-23 00:08:38,35.07367,-106.77483,50,52,16110.51, StrTrk 502 9 1.44V -27C 11030Pa ,16000
2022-08-23 00:09:38,2022-08-23 00:09:38,35.0785,-106.76783,46,50,16005.66, StrTrk 503 9 1.45V -29C 11235Pa ,16000
2022-08-23 00:10:38,2022-08-23 00:10:38,35.08283,-106.76083,48,54,16011.75, StrTrk 504 9 1.44V -28C 11209Pa ,16000
2022-08-23 00:11:38,2022-08-23 00:11:38,35.086,-106.75367,35,68,16071.49, StrTrk 505 9 1.45V -30C 11107Pa ,16000
2022-08-23 00:13:39,2022-08-23 00:13:39,35.08633,-106.74333,33,84,16131.54, StrTrk 507 9 1.45V -32C 11009Pa ,16000
2022-08-23 00:14:38,2022-08-23 00:14:38,35.089,-106.7365,44,58,16078.5, StrTrk 508 9 1.44V -32C 11116Pa ,16000
2022-08-23 00:16:38,2022-08-23 00:16:38,35.09617,-106.72267,41,60,16102.58, StrTrk 510 9 1.43V -30C 11047Pa ,16000
2022-08-23 00:17:38,2022-08-23 00:17:38,35.0995,-106.71567,48,55,16027.6, StrTrk 511 9 1.42V -31C 11199Pa ,16000
2022-08-23 00:18:38,2022-08-23 00:18:38,35.1035,-106.7085,44,59,16070.58, StrTrk 512 9 1.41V -29C 11114Pa ,16000
2022-08-23 00:19:38,2022-08-23 00:19:38,35.1065,-106.70167,39,67,16117.52, StrTrk 513 9 1.41V -30C 11012Pa ,16000
2022-08-23 00:20:38,2022-08-23 00:20:38,35.10883,-106.69467,43,64,16120.57, StrTrk 514 9 1.41V -31C 11033Pa ,16000
2022-08-23 00:21:38,2022-08-23 00:21:38,35.11233,-106.68767,44,57,16103.5, StrTrk 515 9 1.41V -30C 11048Pa ,16000
2022-08-23 00:22:38,2022-08-23 00:22:38,35.116,-106.68067,44,57,16135.5, StrTrk 516 9 1.41V -27C 10974Pa ,16000
2022-08-23 00:23:38,2022-08-23 00:23:38,35.11967,-106.67383,41,57,16108.68, StrTrk 517 9 1.41V -26C 11029Pa ,16000
2022-08-23 00:24:38,2022-08-23 00:24:38,35.12333,-106.66733,43,56,16177.56, StrTrk 518 9 1.41V -27C 10886Pa ,16000
2022-08-23 00:25:38,2022-08-23 00:25:38,35.1255,-106.66133,33,71,16284.55, StrTrk 519 9 1.40V -29C 10671Pa ,16000
2022-08-23 00:26:38,2022-08-23 00:26:38,35.12633,-106.656,26,78,16388.79, StrTrk 520 9 1.39V -30C 10501Pa ,16000
2022-08-23 00:27:38,2022-08-23 00:27:38,35.1265,-106.65133,24,87,16447.62, StrTrk 521 9 1.40V -33C 10393Pa ,16000
2022-08-23 00:28:38,2022-08-23 00:28:38,35.127,-106.6465,28,79,16369.59, StrTrk 522 9 1.41V -34C 10556Pa ,16000
2022-08-23 00:29:38,2022-08-23 00:29:38,35.128,-106.64117,30,73,16305.58, StrTrk 523 9 1.41V -32C 10671Pa ,16000
2022-08-23 00:30:38,2022-08-23 00:30:38,35.1295,-106.63567,31,68,16224.5, StrTrk 524 9 1.41V -31C 10826Pa ,16000
2022-08-23 00:31:39,2022-08-23 00:31:39,35.131,-106.63033,26,79,16243.71, StrTrk 525 9 1.40V -30C 10781Pa ,16000
2022-08-23 00:32:39,2022-08-23 00:32:39,35.13167,-106.6255,24,88,16320.52, StrTrk 526 9 1.40V -29C 10633Pa ,16000
2022-08-23 00:33:38,2022-08-23 00:33:38,35.131,-106.62117,24,98,16340.63, StrTrk 527 9 1.40V -31C 10613Pa ,16000
2022-08-23 00:34:38,2022-08-23 00:34:38,35.13083,-106.6165,26,84,16235.78, StrTrk 528 9 1.40V -35C 10823Pa ,16000
2022-08-23 00:35:38,2022-08-23 00:35:38,35.13133,-106.6115,22,85,16253.76, StrTrk 529 9 1.40V -35C 10798Pa ,16000
2022-08-23 00:36:38,2022-08-23 00:36:38,35.13117,-106.607,26,102,16313.51, StrTrk 530 9 1.41V -34C 10679Pa ,16000
2022-08-23 00:37:38,2022-08-23 00:37:38,35.12967,-106.6025,26,111,16339.72, StrTrk 531 9 1.41V -34C 10623Pa ,16000
2022-08-23 00:38:38,2022-08-23 00:38:38,35.129,-106.5975,28,94,16282.72, StrTrk 532 9 1.41V -33C 10724Pa ,16000
2022-08-23 00:39:38,2022-08-23 00:39:38,35.12883,-106.592,30,91,16283.64, StrTrk 533 9 1.40V -32C 10722Pa ,16000
2022-08-23 00:40:38,2022-08-23 00:40:38,35.12867,-106.58617,31,90,16278.76, StrTrk 534 9 1.41V -31C 10725Pa ,16000
2022-08-23 00:41:38,2022-08-23 00:41:38,35.12883,-106.58,33,88,16230.6, StrTrk 535 9 1.41V -31C 10806Pa ,16000
2022-08-23 00:43:38,2022-08-23 00:43:38,35.12833,-106.56833,30,94,16300.7, StrTrk 537 9 1.40V -30C 10677Pa ,16000
2022-08-23 00:44:38,2022-08-23 00:44:38,35.128,-106.56267,30,88,16263.52, StrTrk 538 9 1.40V -30C 10742Pa ,16000
2022-08-23 00:45:38,2022-08-23 00:45:38,35.128,-106.55667,31,91,16285.77, StrTrk 539 9 1.39V -31C 10711Pa ,16000
2022-08-23 00:46:38,2022-08-23 00:46:38,35.12817,-106.55083,33,86,16257.73, StrTrk 540 9 1.40V -32C 10761Pa ,16000
2022-08-23 00:47:38,2022-08-23 00:47:38,35.12867,-106.5445,33,83,16237.61, StrTrk 541 9 1.41V -32C 10797Pa ,16000
2022-08-23 00:48:38,2022-08-23 00:48:38,35.129,-106.53883,30,90,16300.7, StrTrk 542 9 1.41V -32C 10669Pa ,16000
2022-08-23 00:50:38,2022-08-23 00:50:38,35.129,-106.5275,33,89,16272.66, StrTrk 544 9 1.41V -32C 10738Pa ,16000
2022-08-23 00:51:38,2022-08-23 00:51:38,35.12933,-106.521,35,83,16258.64, StrTrk 545 9 1.40V -32C 10765Pa ,16000
2022-08-23 00:52:38,2022-08-23 00:52:38,35.13,-106.51417,39,83,16230.6, StrTrk 546 9 1.40V -32C 10817Pa ,16000
2022-08-23 00:53:39,2022-08-23 00:53:39,35.13083,-106.5075,35,82,16247.67, StrTrk 547 9 1.39V -32C 10767Pa ,16000
2022-08-23 00:54:38,2022-08-23 00:54:38,35.13133,-106.50117,33,85,16241.57, StrTrk 548 9 1.39V -32C 10788Pa ,16000
2022-08-23 00:55:38,2022-08-23 00:55:38,35.132,-106.4945,35,80,16239.74, StrTrk 549 9 1.40V -34C 10784Pa ,16000
2022-08-23 00:57:38,2022-08-23 00:57:38,35.13383,-106.4815,39,78,16241.57, StrTrk 551 9 1.41V -33C 10789Pa ,16000
2022-08-23 00:58:38,2022-08-23 00:58:38,35.13517,-106.47383,43,78,16247.67, StrTrk 552 9 1.41V -33C 10782Pa ,16000
2022-08-23 00:59:38,2022-08-23 00:59:38,35.13617,-106.4665,39,80,16272.66, StrTrk 553 9 1.40V -34C 10740Pa ,16000
2022-08-23 01:00:38,2022-08-23 01:00:38,35.1375,-106.45883,44,77,16183.66, StrTrk 554 9 1.41V -34C 10922Pa ,16000
2022-08-23 01:01:38,2022-08-23 01:01:38,35.139,-106.45083,43,79,16230.6, StrTrk 555 9 1.41V -33C 10819Pa ,16000
2022-08-23 01:02:38,2022-08-23 01:02:38,35.14,-106.44283,43,81,16251.63, StrTrk 556 9 1.40V -33C 10781Pa ,16000
2022-08-23 01:03:38,2022-08-23 01:03:38,35.14117,-106.43467,44,78,16183.66, StrTrk 557 9 1.39V -35C 10920Pa ,16000
2022-08-23 01:04:38,2022-08-23 01:04:38,35.14283,-106.42717,39,74,16130.63, StrTrk 558 9 1.39V -34C 11008Pa ,14000
2022-08-23 01:05:38,2022-08-23 01:05:38,35.14433,-106.42033,35,76,16076.68, StrTrk 559 9 1.38V -35C 11121Pa ,14000
2022-08-23 01:06:38,2022-08-23 01:06:38,35.14567,-106.4145,31,71,16007.49, StrTrk 560 9 1.38V -36C 11272Pa ,14000
2022-08-23 01:07:38,2022-08-23 01:07:38,35.14733,-106.4095,26,63,15948.66, StrTrk 561 9 1.38V -36C 11388Pa ,14000
2022-08-23 01:08:42,2022-08-23 01:08:42,35.149,-106.40483,28,65,15899.59, StrTrk 562 9 1.37V -36C 11475Pa ,14000
2022-08-23 01:09:42,2022-08-23 01:09:42,35.151,-106.39967,35,64,15865.75, StrTrk 563 9 1.38V -38C 11578Pa ,14000
2022-08-23 01:10:42,2022-08-23 01:10:42,35.15383,-106.39333,43,59,15798.7, StrTrk 564 9 1.38V -38C 11708Pa ,14000
2022-08-23 01:11:38,2022-08-23 01:11:38,35.15733,-106.38667,41,55,15744.75, StrTrk 565 9 1.37V -37C 11797Pa ,14000
2022-08-23 01:12:38,2022-08-23 01:12:38,35.16067,-106.38067,39,53,15676.47, StrTrk 566 9 1.36V -37C 11943Pa ,14000
2022-08-23 01:13:38,2022-08-23 01:13:38,35.1645,-106.375,39,50,15581.68, StrTrk 567 9 1.36V -37C 12152Pa ,14000
2022-08-23 01:14:38,2022-08-23 01:14:38,35.16833,-106.36967,37,46,15492.68, StrTrk 568 9 1.36V -37C 12333Pa ,14000
2022-08-23 01:15:39,2022-08-23 01:15:39,35.1725,-106.36483,39,41,15422.58, StrTrk 569 9 1.35V -36C 12480Pa ,14000
2022-08-23 01:16:38,2022-08-23 01:16:38,35.177,-106.36017,37,38,15356.74, StrTrk 570 9 1.36V -36C 12618Pa ,14000
2022-08-23 01:17:38,2022-08-23 01:17:38,35.181,-106.356,33,44,15275.66, StrTrk 571 9 1.35V -38C 12795Pa ,14000
2022-08-23 01:18:38,2022-08-23 01:18:38,35.18383,-106.35167,26,65,15192.45, StrTrk 572 9 1.36V -39C 13009Pa ,14000
2022-08-23 01:19:38,2022-08-23 01:19:38,35.18533,-106.34717,26,67,15153.44, StrTrk 573 9 1.35V -39C 13083Pa ,14000
2022-08-23 01:20:38,2022-08-23 01:20:38,35.1875,-106.34317,28,47,15219.58, StrTrk 574 9 1.36V -38C 12925Pa ,14000
2022-08-23 01:21:38,2022-08-23 01:21:38,35.19083,-106.339,30,42,15299.74, StrTrk 575 9 1.37V -39C 12774Pa ,14000
2022-08-23 01:22:39,2022-08-23 01:22:39,35.19483,-106.335,37,44,15376.55, StrTrk 576 9 1.36V -39C 12603Pa ,14000
2022-08-23 01:24:38,2022-08-23 01:24:38,35.20233,-106.32483,37,54,15595.7, StrTrk 578 9 1.36V -41C 12150Pa ,14000
2022-08-23 01:25:38,2022-08-23 01:25:38,35.20517,-106.31833,37,62,15697.5, StrTrk 579 9 1.36V -40C 11932Pa ,14000
2022-08-23 01:26:38,2022-08-23 01:26:38,35.20767,-106.3115,39,70,15829.48, StrTrk 580 9 1.35V -41C 11683Pa ,14000
2022-08-23 01:27:38,2022-08-23 01:27:38,35.20967,-106.30567,30,69,15926.71, StrTrk 581 9 1.35V -42C 11492Pa ,14000
2022-08-23 01:28:38,2022-08-23 01:28:38,35.21133,-106.3,35,69,16025.77, StrTrk 582 9 1.34V -42C 11286Pa ,14000
2022-08-23 01:29:38,2022-08-23 01:29:38,35.213,-106.29333,39,73,16136.72, StrTrk 583 9 1.34V -42C 11072Pa ,14000
2022-08-23 01:30:38,2022-08-23 01:30:38,35.21417,-106.28533,46,81,16262.6, StrTrk 584 9 1.33V -41C 10839Pa ,14000
2022-08-23 01:31:38,2022-08-23 01:31:38,35.21483,-106.27717,41,83,16340.63, StrTrk 585 9 1.32V -42C 10690Pa ,14000
2022-08-23 01:32:38,2022-08-23 01:32:38,35.21517,-106.27033,35,91,16395.5, StrTrk 586 9 1.33V -43C 10603Pa ,14000
2022-08-23 01:33:38,2022-08-23 01:33:38,35.21483,-106.26533,20,93,16429.63, StrTrk 587 9 1.32V -43C 10524Pa ,14000
2022-08-23 01:34:38,2022-08-23 01:34:38,35.21483,-106.26117,24,89,16481.76, StrTrk 588 9 1.33V -43C 10435Pa ,14000
2022-08-23 01:35:39,2022-08-23 01:35:39,35.21467,-106.25633,24,89,16561.61, StrTrk 589 9 1.33V -43C 10303Pa ,14000
2022-08-23 01:36:38,2022-08-23 01:36:38,35.21483,-106.252,24,84,16636.59, StrTrk 590 9 1.33V -43C 10147Pa ,14000
2022-08-23 01:37:38,2022-08-23 01:37:38,35.215,-106.24783,20,95,16708.53, StrTrk 591 9 1.33V -42C 10021Pa ,14000
2022-08-23 01:38:42,2022-08-23 01:38:42,35.21467,-106.24383,22,98,16746.63, StrTrk 592 9 1.31V -41C 9949Pa ,14000
2022-08-23 01:39:42,2022-08-23 01:39:42,35.21417,-106.24,20,97,16755.77, StrTrk 593 9 1.32V -42C 9938Pa ,14000
2022-08-23 01:40:38,2022-08-23 01:40:38,35.214,-106.23633,19,96,16753.64, StrTrk 594 9 1.32V -42C 9950Pa ,14000
2022-08-23 01:41:38,2022-08-23 01:41:38,35.2135,-106.23267,20,97,16769.79, StrTrk 595 9 1.32V -42C 9907Pa ,14000
2022-08-23 01:42:38,2022-08-23 01:42:38,35.21317,-106.229,20,98,16771.62, StrTrk 596 9 1.32V -42C 9906Pa ,14000
2022-08-23 01:43:38,2022-08-23 01:43:38,35.2125,-106.225,22,105,16771.62, StrTrk 597 9 1.32V -42C 9927Pa ,14000
2022-08-23 01:44:42,2022-08-23 01:44:42,35.2115,-106.221,22,104,16752.72, StrTrk 598 9 1.32V -42C 9957Pa ,14000
2022-08-23 01:45:41,2022-08-23 01:45:41,35.21083,-106.21683,22,102,16722.55, StrTrk 599 9 1.32V -42C 10004Pa ,14000
2022-08-23 01:46:38,2022-08-23 01:46:38,35.21,-106.21283,22,102,16688.71, StrTrk 600 9 1.33V -42C 10058Pa ,14000
2022-08-23 01:47:38,2022-08-23 01:47:38,35.20933,-106.20867,24,98,16667.68, StrTrk 601 9 1.33V -43C 10107Pa ,14000
2022-08-23 01:48:38,2022-08-23 01:48:38,35.209,-106.204,24,85,16621.66, StrTrk 602 9 1.32V -44C 10213Pa ,14000
2022-08-23 01:49:38,2022-08-23 01:49:38,35.209,-106.19883,24,100,16446.7, StrTrk 603 9 1.32V -45C 10541Pa ,14000
2022-08-23 01:50:38,2022-08-23 01:50:38,35.20833,-106.19217,44,94,16228.77, StrTrk 604 9 1.32V -46C 10994Pa ,14000
2022-08-23 01:51:42,2022-08-23 01:51:42,35.20917,-106.18417,35,81,16050.77, StrTrk 605 9 1.30V -48C 11378Pa ,14000
2022-08-23 01:52:38,2022-08-23 01:52:38,35.21067,-106.17767,44,68,15899.59, StrTrk 606 9 1.29V -48C 11756Pa ,14000
2022-08-23 01:53:38,2022-08-23 01:53:38,35.2135,-106.17,48,63,15709.7, StrTrk 607 9 1.28V -49C 12152Pa ,14000
2022-08-23 01:54:38,2022-08-23 01:54:38,35.21717,-106.1625,28,55,15541.75, StrTrk 608 9 1.28V -50C 12588Pa ,14000
2022-08-23 01:55:38,2022-08-23 01:55:38,35.22117,-106.15633,41,41,15355.52, StrTrk 609 9 1.25V -50C 13037Pa ,14000
2022-08-23 01:56:38,2022-08-23 01:56:38,35.22367,-106.15217,0,43,14708.43, StrTrk 610 7 1.23V -51C 14618Pa ,14000
2022-08-23 01:58:38,2022-08-23 01:58:38,35.226,-106.13067,0,122,13467.59, StrTrk 612 0 1.22V -51C 18191Pa ,14000
2022-08-23 01:59:38,2022-08-23 01:59:38,35.22733,-106.11417,81,89,12755.58, StrTrk 613 9 1.22V -49C 20111Pa ,14000
2022-08-23 02:00:39,2022-08-23 02:06:42,35.22817,-106.0995,0,329,13273.43, StrTrk 620 0 1.33V -30C 34206Pa ,14000
