time,lasttime,lat,lng,speed,course,altitude,comment,,ascent_velocity(MPH),temp_pres_process,pres_process,temp,pres,vent_sp
2021-05-12 14:01:32,2021-05-12 14:01:32,32.4225,-111.06033,2,32,796.75, StrTrk 23 9 1.66V 25C 92583Pa ,,,25C 92583Pa ,92583Pa ,298,92583,0
2021-05-12 14:02:31,2021-05-12 14:02:31,32.4225,-111.0605,0,40,797.97, StrTrk 24 9 1.66V 26C 92591Pa ,,0.01406101681,26C 92591Pa ,92591Pa ,299,92591,0
2021-05-12 14:03:30,2021-05-12 14:03:30,32.4225,-111.06033,0,57,801.01, StrTrk 25 9 1.66V 27C 92559Pa ,,0.03503728816,27C 92559Pa ,92559Pa ,300,92559,0
2021-05-12 14:04:32,2021-05-12 14:05:31,32.4225,-111.0605,4,116,801.93, StrTrk 27 9 1.67V 28C 92554Pa ,,0.01009032258,28C 92554Pa ,92554Pa ,301,92554,0
2021-05-12 14:06:30,2021-05-12 14:07:32,32.4225,-111.06033,0,355,801.01, StrTrk 29 9 1.67V 30C 92557Pa ,,-0.005301694919,30C 92557Pa ,92557Pa ,303,92557,0
2021-05-12 14:09:31,2021-05-12 14:13:30,32.4225,-111.0605,7,312,798.88, StrTrk 35 9 1.69V 33C 92391Pa ,,-0.008002209964,33C 92391Pa ,92391Pa ,306,92391,0
2021-05-12 14:14:30,2021-05-12 14:14:30,32.42317,-111.06183,15,293,873.86, StrTrk 36 9 1.70V 33C 91701Pa ,,0.1705230769,33C 91701Pa ,91701Pa ,306,91701,0
2021-05-12 14:15:35,2021-05-12 14:15:35,32.42433,-111.06433,15,290,945.79, StrTrk 37 9 1.70V 34C 91098Pa ,,0.7524984603,34C 91098Pa ,91098Pa ,307,91098,0
2021-05-12 14:16:30,2021-05-12 14:16:30,32.42533,-111.0675,20,294,1004.93, StrTrk 38 9 1.71V 34C 90540Pa ,,0.7311854508,34C 90540Pa ,90540Pa ,307,90540,0
2021-05-12 14:17:30,2021-05-12 14:17:30,32.42667,-111.07067,17,292,1048.82, StrTrk 39 9 1.71V 35C 90067Pa ,,0.4974200036,35C 90067Pa ,90067Pa ,308,90067,0
2021-05-12 14:18:30,2021-05-12 14:18:30,32.42767,-111.07333,11,286,1107.03, StrTrk 40 9 1.71V 36C 89424Pa ,,0.6597133312,36C 89424Pa ,89424Pa ,309,89424,0
2021-05-12 14:19:30,2021-05-12 14:19:30,32.42783,-111.07483,2,267,1164.95, StrTrk 41 9 1.71V 37C 88809Pa ,,0.6564266645,37C 88809Pa ,88809Pa ,310,88809,0
2021-05-12 14:20:35,2021-05-12 14:20:35,32.4275,-111.07583,6,228,1232.92, StrTrk 42 9 1.71V 37C 88118Pa ,,0.7110707749,37C 88118Pa ,88118Pa ,310,88118,0
2021-05-12 14:21:33,2021-05-12 14:21:33,32.42683,-111.077,7,230,1303.02, StrTrk 43 9 1.73V 37C 87404Pa ,,0.8218620639,37C 87404Pa ,87404Pa ,310,87404,0
2021-05-12 14:22:30,2021-05-12 14:22:30,32.42633,-111.078,7,233,1372.82, StrTrk 44 9 1.73V 37C 86722Pa ,,0.8327017526,37C 86722Pa ,86722Pa ,310,86722,0
2021-05-12 14:23:30,2021-05-12 14:23:30,32.42583,-111.0795,7,253,1445.97, StrTrk 45 9 1.74V 38C 85993Pa ,,0.8290333393,38C 85993Pa ,85993Pa ,311,85993,0
2021-05-12 14:24:35,2021-05-12 14:24:35,32.42533,-111.081,9,250,1520.04, StrTrk 46 9 1.74V 38C 85249Pa ,,0.7748861526,38C 85249Pa ,85249Pa ,311,85249,0
2021-05-12 14:25:33,2021-05-12 14:25:33,32.42483,-111.08267,9,252,1605.08, StrTrk 47 9 1.75V 38C 84418Pa ,,0.9970206835,38C 84418Pa ,84418Pa ,311,84418,0
2021-05-12 14:26:30,2021-05-12 14:26:30,32.42467,-111.0845,9,270,1678.84, StrTrk 48 9 1.75V 38C 83670Pa ,,0.8799438675,38C 83670Pa ,83670Pa ,311,83670,0
2021-05-12 14:27:31,2021-05-12 14:27:31,32.4245,-111.08633,11,278,1756.87, StrTrk 49 9 1.76V 38C 82929Pa ,,0.8698426168,38C 82929Pa ,82929Pa ,311,82929,0
2021-05-12 14:28:30,2021-05-12 14:28:30,32.42433,-111.08817,9,269,1844.04, StrTrk 50 9 1.77V 38C 82106Pa ,,1.004671187,38C 82106Pa ,82106Pa ,311,82106,0
2021-05-12 14:29:30,2021-05-12 14:29:30,32.424,-111.08983,7,229,1922.98, StrTrk 51 9 1.78V 37C 81313Pa ,,0.8946533398,37C 81313Pa ,81313Pa ,310,81313,0
2021-05-12 14:30:30,2021-05-12 14:30:30,32.42317,-111.09133,7,262,1998.88, StrTrk 52 9 1.79V 37C 80581Pa ,,0.8601999972,37C 80581Pa ,80581Pa ,310,80581,0
2021-05-12 14:31:31,2021-05-12 14:31:31,32.4225,-111.09283,9,250,2083.92, StrTrk 53 9 1.79V 37C 79801Pa ,,0.9479868883,37C 79801Pa ,79801Pa ,310,79801,0
2021-05-12 14:32:30,2021-05-12 14:32:30,32.42183,-111.094,7,204,2169.87, StrTrk 54 9 1.79V 37C 78990Pa ,,0.9906101596,37C 78990Pa ,78990Pa ,310,78990,0
2021-05-12 14:33:30,2021-05-12 14:33:30,32.421,-111.09467,7,225,2258.87, StrTrk 55 9 1.79V 36C 78178Pa ,,1.008666674,36C 78178Pa ,78178Pa ,309,78178,0
2021-05-12 14:34:30,2021-05-12 14:34:30,32.41983,-111.09517,6,209,2346.96, StrTrk 56 9 1.79V 36C 77391Pa ,,0.9983533301,36C 77391Pa ,77391Pa ,309,77391,0
2021-05-12 14:35:30,2021-05-12 14:35:30,32.4185,-111.09567,9,198,2438.1, StrTrk 57 9 1.79V 36C 76558Pa ,,1.032919997,36C 76558Pa ,76558Pa ,309,76558,0
2021-05-12 14:36:30,2021-05-12 14:36:30,32.41767,-111.096,7,183,2531.97, StrTrk 58 9 1.79V 35C 75679Pa ,,1.063860008,35C 75679Pa ,75679Pa ,308,75679,0
2021-05-12 14:37:30,2021-05-12 14:37:30,32.41717,-111.09583,2,152,2635, StrTrk 59 9 1.79V 34C 74820Pa ,,1.16767333,34C 74820Pa ,74820Pa ,307,74820,0
2021-05-12 14:38:30,2021-05-12 14:38:30,32.417,-111.09517,2,69,2739.85, StrTrk 60 9 1.79V 34C 73858Pa ,,1.188299996,34C 73858Pa ,73858Pa ,307,73858,0
2021-05-12 14:39:30,2021-05-12 14:39:30,32.41667,-111.09467,0,131,2851.1, StrTrk 61 9 1.78V 33C 72915Pa ,,1.260833342,33C 72915Pa ,72915Pa ,306,72915,0
2021-05-12 14:40:31,2021-05-12 14:40:31,32.41683,-111.0945,2,94,2951.07, StrTrk 62 9 1.78V 32C 72022Pa ,,1.114419664,32C 72022Pa ,72022Pa ,305,72022,0
2021-05-12 14:41:30,2021-05-12 14:41:30,32.41717,-111.09433,4,355,3051.96, StrTrk 63 9 1.78V 31C 71121Pa ,,1.162800001,31C 71121Pa ,71121Pa ,304,71121,0
2021-05-12 14:42:30,2021-05-12 14:42:30,32.41767,-111.09433,2,358,3146.15, StrTrk 64 9 1.78V 31C 70283Pa ,,1.067486674,31C 70283Pa ,70283Pa ,304,70283,0
2021-05-12 14:43:30,2021-05-12 14:43:30,32.41817,-111.09433,2,342,3247.95, StrTrk 65 9 1.78V 30C 69431Pa ,,1.15373333,30C 69431Pa ,69431Pa ,303,69431,0
2021-05-12 14:44:30,2021-05-12 14:44:30,32.41917,-111.09467,7,344,3347.92, StrTrk 66 9 1.77V 29C 68612Pa ,,1.13299333,29C 68612Pa ,68612Pa ,302,68612,0
2021-05-12 14:45:30,2021-05-12 14:45:30,32.42067,-111.09533,15,347,3443.02, StrTrk 67 9 1.78V 28C 67775Pa ,,1.077799996,28C 67775Pa ,67775Pa ,301,67775,0
2021-05-12 14:46:30,2021-05-12 14:46:30,32.4225,-111.09583,13,348,3546.04, StrTrk 68 9 1.76V 28C 66968Pa ,,1.167560008,28C 66968Pa ,66968Pa ,301,66968,0
2021-05-12 14:47:30,2021-05-12 14:47:30,32.42517,-111.09667,19,341,3643.88, StrTrk 69 9 1.76V 27C 66140Pa ,,1.10885333,27C 66140Pa ,66140Pa ,300,66140,0
2021-05-12 14:48:30,2021-05-12 14:48:30,32.427,-111.09683,9,353,3746.91, StrTrk 70 9 1.76V 26C 65307Pa ,,1.16767333,26C 65307Pa ,65307Pa ,299,65307,0
2021-05-12 14:49:30,2021-05-12 14:49:30,32.42783,-111.097,4,5,3855.11, StrTrk 71 9 1.76V 26C 64453Pa ,,1.226266676,26C 64453Pa ,64453Pa ,299,64453,0
2021-05-12 14:51:30,2021-05-12 14:51:30,32.42933,-111.098,9,44,4077, StrTrk 73 9 1.76V 25C 62696Pa ,,1.257376663,25C 62696Pa ,62696Pa ,298,62696,0
2021-05-12 14:52:30,2021-05-12 14:52:30,32.42967,-111.09567,17,91,4187.95, StrTrk 74 9 1.75V 24C 61832Pa ,,1.257433342,24C 61832Pa ,61832Pa ,297,61832,0
2021-05-12 14:53:30,2021-05-12 14:53:30,32.42967,-111.09183,20,89,4308.96, StrTrk 75 9 1.74V 24C 60915Pa ,,1.371446662,24C 60915Pa ,60915Pa ,297,60915,0
2021-05-12 14:54:30,2021-05-12 14:54:30,32.43017,-111.088,22,67,4411.07, StrTrk 76 9 1.75V 24C 60131Pa ,,1.157246663,24C 60131Pa ,60131Pa ,297,60131,0
2021-05-12 14:55:30,2021-05-12 14:55:30,32.43133,-111.084,26,67,4514.09, StrTrk 77 9 1.74V 24C 59377Pa ,,1.167560008,24C 59377Pa ,59377Pa ,297,59377,0
2021-05-12 14:56:30,2021-05-12 14:56:30,32.43333,-111.08,22,63,4614.98, StrTrk 78 9 1.73V 24C 58624Pa ,,1.143419996,24C 58624Pa ,58624Pa ,297,58624,0
2021-05-12 14:57:30,2021-05-12 14:57:30,32.43433,-111.07617,17,82,4718, StrTrk 79 9 1.74V 23C 57868Pa ,,1.167559996,23C 57868Pa ,57868Pa ,296,57868,0
2021-05-12 14:58:30,2021-05-12 14:58:30,32.43467,-111.07333,15,83,4827.12, StrTrk 80 9 1.72V 23C 57100Pa ,,1.236693342,23C 57100Pa ,57100Pa ,296,57100,0
2021-05-12 14:59:30,2021-05-12 14:59:30,32.43517,-111.07017,20,73,4931.97, StrTrk 81 9 1.72V 23C 56337Pa ,,1.188299996,23C 56337Pa ,56337Pa ,296,56337,0
2021-05-12 15:01:30,2021-05-12 15:01:30,32.43633,-111.0635,17,80,5158.13, StrTrk 83 9 1.71V 21C 54728Pa ,,1.281573329,21C 54728Pa ,54728Pa ,294,54728,0
2021-05-12 15:02:30,2021-05-12 15:02:30,32.437,-111.0605,17,79,5276.09, StrTrk 84 9 1.71V 21C 53914Pa ,,1.33688001,21C 53914Pa ,53914Pa ,294,53914,0
2021-05-12 15:03:30,2021-05-12 15:03:30,32.438,-111.05733,17,61,5397.09, StrTrk 85 9 1.71V 21C 53100Pa ,,1.371333329,21C 53100Pa ,53100Pa ,294,53100,0
2021-05-12 15:04:30,2021-05-12 15:04:30,32.43867,-111.05333,28,86,5524.2, StrTrk 86 9 1.69V 20C 52255Pa ,,1.440579995,20C 52255Pa ,52255Pa ,293,52255,0
2021-05-12 15:05:31,2021-05-12 15:05:31,32.4385,-111.0485,28,96,5646.12, StrTrk 87 9 1.69V 20C 51438Pa ,,1.359108201,20C 51438Pa ,51438Pa ,293,51438,0
2021-05-12 15:06:30,2021-05-12 15:06:30,32.43767,-111.04383,30,107,5744.26, StrTrk 88 9 1.69V 19C 50782Pa ,,1.131105085,19C 50782Pa ,50782Pa ,292,50782,0
2021-05-12 15:07:30,2021-05-12 15:07:30,32.43617,-111.039,28,100,5857.04, StrTrk 89 9 1.68V 19C 50042Pa ,,1.278173329,19C 50042Pa ,50042Pa ,292,50042,0
2021-05-12 15:08:30,2021-05-12 15:08:30,32.43533,-111.034,28,94,5964.02, StrTrk 90 9 1.68V 18C 49367Pa ,,1.212440009,18C 49367Pa ,49367Pa ,291,49367,0
2021-05-12 15:09:30,2021-05-12 15:09:30,32.43483,-111.02883,24,93,6079.24, StrTrk 91 9 1.68V 18C 48633Pa ,,1.305826662,18C 48633Pa ,48633Pa ,291,48633,0
2021-05-12 15:10:30,2021-05-12 15:10:30,32.43433,-111.02383,28,84,6196.28, StrTrk 92 9 1.67V 17C 47899Pa ,,1.326453329,17C 47899Pa ,47899Pa ,290,47899,0
2021-05-12 15:11:30,2021-05-12 15:11:30,32.43383,-111.019,28,104,6317.28, StrTrk 93 9 1.67V 16C 47152Pa ,,1.371333343,16C 47152Pa ,47152Pa ,289,47152,0
2021-05-12 15:12:30,2021-05-12 15:12:30,32.4325,-111.01383,26,105,6450.18, StrTrk 94 9 1.67V 15C 46329Pa ,,1.506199995,15C 46329Pa ,46329Pa ,288,46329,0
2021-05-12 15:13:30,2021-05-12 15:13:30,32.43117,-111.00933,28,106,6575.15, StrTrk 95 9 1.65V 15C 45555Pa ,,1.416326662,15C 45555Pa ,45555Pa ,288,45555,0
2021-05-12 15:14:30,2021-05-12 15:14:30,32.42917,-111.0045,30,106,6710.17, StrTrk 96 9 1.65V 15C 44744Pa ,,1.530226678,15C 44744Pa ,44744Pa ,288,44744,0
2021-05-12 15:15:30,2021-05-12 15:15:30,32.42767,-110.99967,30,104,6849.16, StrTrk 97 9 1.65V 14C 43929Pa ,,1.575219995,14C 43929Pa ,43929Pa ,287,43929,0
2021-05-12 15:17:30,2021-05-12 15:17:30,32.42617,-110.98933,33,101,7134.15, StrTrk 99 9 1.63V 13C 42281Pa ,,1.614943328,13C 42281Pa ,42281Pa ,286,42281,0
2021-05-12 15:18:30,2021-05-12 15:18:30,32.42533,-110.98417,28,99,7279.23, StrTrk 100 9 1.64V 12C 41470Pa ,,1.644240012, 12C 41470Pa , 41470Pa ,285,41470,0
2021-05-12 15:19:30,2021-05-12 15:19:30,32.42483,-110.9785,31,86,7425.23, StrTrk 101 9 1.63V 11C 40640Pa ,,1.654666661, 11C 40640Pa , 40640Pa ,284,40640,0
2021-05-12 15:20:30,2021-05-12 15:20:30,32.4245,-110.97267,33,93,7561.17, StrTrk 102 9 1.62V 11C 39897Pa ,,1.540653328, 11C 39897Pa , 39897Pa ,284,39897,0
2021-05-12 15:21:30,2021-05-12 15:21:30,32.4235,-110.9665,39,101,7698.33, StrTrk 103 9 1.61V 11C 39141Pa ,,1.554480011, 11C 39141Pa , 39141Pa ,284,39141,0
2021-05-12 15:22:30,2021-05-12 15:22:30,32.42183,-110.96067,30,101,7829.09, StrTrk 104 9 1.62V 10C 38455Pa ,,1.481946662, 10C 38455Pa , 38455Pa ,283,38455,0
2021-05-12 15:23:30,2021-05-12 15:23:30,32.41983,-110.95567,28,114,7956.19, StrTrk 105 9 1.62V 10C 37787Pa ,,1.440466662, 10C 37787Pa , 37787Pa ,283,37787,0
2021-05-12 15:24:30,2021-05-12 15:24:30,32.418,-110.95067,28,110,8091.22, StrTrk 106 9 1.61V 10C 37077Pa ,,1.530340011, 10C 37077Pa , 37077Pa ,283,37077,0
2021-05-12 15:26:30,2021-05-12 15:26:30,32.41367,-110.94083,30,127,8371.33, StrTrk 108 9 1.60V 8C 35663Pa ,,1.587289995, 8C 35663Pa ,35663Pa ,281,35663,0
2021-05-12 15:27:30,2021-05-12 15:27:30,32.41133,-110.93617,24,115,8500.26, StrTrk 109 9 1.60V 7C 35015Pa ,,1.461206677, 7C 35015Pa ,35015Pa ,280,35015,0
2021-05-12 15:28:30,2021-05-12 15:28:30,32.41,-110.93217,20,102,8631.33, StrTrk 110 9 1.59V 7C 34380Pa ,,1.485459995, 7C 34380Pa ,34380Pa ,280,34380,0
2021-05-12 15:29:30,2021-05-12 15:29:30,32.409,-110.928,24,107,8776.41, StrTrk 111 9 1.60V 6C 33685Pa ,,1.644239995, 6C 33685Pa ,33685Pa ,279,33685,0
2021-05-12 15:30:30,2021-05-12 15:30:30,32.40817,-110.924,26,99,8918.14, StrTrk 112 9 1.59V 5C 33007Pa ,,1.606273328, 5C 33007Pa ,33007Pa ,278,33007,0
2021-05-12 15:31:30,2021-05-12 15:31:30,32.40717,-110.92017,24,119,9054.39, StrTrk 113 9 1.59V 5C 32371Pa ,,1.544166678, 5C 32371Pa ,32371Pa ,278,32371,0
2021-05-12 15:32:30,2021-05-12 15:32:30,32.406,-110.91633,22,110,9202.22, StrTrk 114 9 1.58V 5C 31690Pa ,,1.675406661, 5C 31690Pa ,31690Pa ,278,31690,0
2021-05-12 15:33:30,2021-05-12 15:33:30,32.40517,-110.91233,22,94,9356.45, StrTrk 115 9 1.59V 4C 30992Pa ,,1.747939994, 4C 30992Pa ,30992Pa ,277,30992,0
2021-05-12 15:34:30,2021-05-12 15:34:30,32.404,-110.9085,20,114,9518.29, StrTrk 116 9 1.58V 3C 30275Pa ,,1.83418668, 3C 30275Pa ,30275Pa ,276,30275,0
2021-05-12 15:36:30,2021-05-12 15:36:30,32.40183,-110.90067,20,102,9826.45, StrTrk 118 9 1.58V 2C 28930Pa ,,1.746239994, 2C 28930Pa ,28930Pa ,275,28930,0
2021-05-12 15:37:30,2021-05-12 15:37:30,32.40167,-110.89583,30,84,9974.28, StrTrk 119 9 1.57V 1C 28290Pa ,,1.675406679, 1C 28290Pa ,28290Pa ,274,28290,0
2021-05-12 15:38:30,2021-05-12 15:38:30,32.40183,-110.891,24,85,10120.27, StrTrk 120 9 1.58V 0C 27688Pa ,,1.654553328, 0C 27688Pa ,27688Pa ,273,27688,0
2021-05-12 15:39:30,2021-05-12 15:39:30,32.40183,-110.886,26,87,10255.3, StrTrk 121 9 1.57V 0C 27140Pa ,,1.530339995, 0C 27140Pa ,27140Pa ,273,27140,0
2021-05-12 15:40:30,2021-05-12 15:40:30,32.40133,-110.88083,28,97,10404.35, StrTrk 122 9 1.57V 0C 26537Pa ,,1.689233346, 0C 26537Pa ,26537Pa ,273,26537,0
2021-05-12 15:42:30,2021-05-12 15:42:30,32.4015,-110.87183,24,94,10699.39, StrTrk 124 9 1.56V 0C 25370Pa ,,1.671893328, 0C 25370Pa ,25370Pa ,273,25370,0
2021-05-12 15:43:30,2021-05-12 15:43:30,32.40183,-110.86667,31,85,10855.45, StrTrk 125 9 1.56V -1C 24782Pa ,,1.768680013, -1C 24782Pa , 24782Pa ,272,24782,0
2021-05-12 15:44:30,2021-05-12 15:44:30,32.402,-110.861,30,90,11013.34, StrTrk 126 9 1.56V -1C 24182Pa ,,1.789419994, -1C 24182Pa , 24182Pa ,272,24182,0
2021-05-12 15:45:30,2021-05-12 15:45:30,32.40167,-110.85483,37,104,11174.27, StrTrk 127 9 1.56V -2C 23589Pa ,,1.823873327, -2C 23589Pa , 23589Pa ,271,23589,0
2021-05-12 15:46:30,2021-05-12 15:46:30,32.401,-110.8475,43,86,11335.51, StrTrk 128 9 1.56V -3C 23001Pa ,,1.827386661, -3C 23001Pa , 23001Pa ,270,23001,0
2021-05-12 15:47:30,2021-05-12 15:47:30,32.4005,-110.83933,48,92,11503.46, StrTrk 129 9 1.55V -3C 22424Pa ,,1.903433347, -3C 22424Pa , 22424Pa ,270,22424,0
2021-05-12 15:48:30,2021-05-12 15:48:30,32.40083,-110.831,52,89,11676.28, StrTrk 130 9 1.56V -3C 21801Pa ,,1.95862666, -3C 21801Pa , 21801Pa ,270,21801,0
2021-05-12 15:49:30,2021-05-12 15:49:30,32.40183,-110.82083,59,78,11849.4, StrTrk 131 9 1.55V -3C 21227Pa ,,1.96202666, -3C 21227Pa , 21227Pa ,270,21227,0
2021-05-12 15:50:30,2021-05-12 15:50:30,32.40267,-110.81,59,88,12025.58, StrTrk 132 9 1.56V -3C 20642Pa ,,1.996706681, -3C 20642Pa , 20642Pa ,270,20642,0
2021-05-12 15:51:30,2021-05-12 15:51:30,32.40317,-110.79783,74,87,12199.32, StrTrk 133 9 1.55V -4C 20085Pa ,,1.969053327, -4C 20085Pa , 20085Pa ,269,20085,0
2021-05-12 15:52:30,2021-05-12 15:52:30,32.40367,-110.78467,74,88,12373.36, StrTrk 134 9 1.55V -5C 19531Pa ,,1.972453327, -5C 19531Pa , 19531Pa ,268,19531,0
2021-05-12 15:53:30,2021-05-12 15:53:30,32.40467,-110.771,91,86,12543.43, StrTrk 135 9 1.55V -5C 19008Pa ,,1.927460014, -5C 19008Pa , 19008Pa ,268,19008,0
2021-05-12 15:56:30,2021-05-12 15:56:30,32.40417,-110.72417,83,87,13058.55, StrTrk 138 9 1.55V -3C 17515Pa ,,1.946008889, -3C 17515Pa , 17515Pa ,270,17515,0
2021-05-12 15:57:30,2021-05-12 15:57:30,32.40383,-110.70983,85,93,13243.56, StrTrk 139 9 1.55V -2C 17005Pa ,,2.096779993, -2C 17005Pa , 17005Pa ,271,17005,0
2021-05-12 15:58:30,2021-05-12 15:58:30,32.4045,-110.69467,81,87,13415.47, StrTrk 140 9 1.56V -1C 16548Pa ,,1.948313327, -1C 16548Pa , 16548Pa ,272,16548,0
2021-05-12 15:59:30,2021-05-12 15:59:30,32.40433,-110.67883,87,94,13592.56, StrTrk 141 9 1.56V 0C 16080Pa ,,2.007020014, 0C 16080Pa ,16080Pa ,273,16080,0
2021-05-12 16:00:30,2021-05-12 16:00:30,32.40383,-110.66417,72,89,13763.55, StrTrk 142 9 1.54V 0C 15646Pa ,,1.93788666, 0C 15646Pa ,15646Pa ,273,15646,0
2021-05-12 16:01:30,2021-05-12 16:01:30,32.40467,-110.65083,83,79,13941.55, StrTrk 143 9 1.56V 0C 15201Pa ,,2.017333327, 0C 15201Pa ,15201Pa ,273,15201,0
2021-05-12 16:02:30,2021-05-12 16:02:30,32.40667,-110.63533,96,87,14105.53, StrTrk 144 9 1.56V 1C 14809Pa ,,1.858439994, 1C 14809Pa ,14809Pa ,274,14809,0
2021-05-12 16:03:32,2021-05-12 16:03:32,32.40767,-110.61883,83,86,14278.66, StrTrk 145 9 1.56V 1C 14406Pa ,,1.89884516, 1C 14406Pa ,14406Pa ,274,14406,0
2021-05-12 16:04:30,2021-05-12 16:04:30,32.408,-110.6045,78,93,14457.58, StrTrk 146 9 1.56V 2C 14000Pa ,,2.097682768, 2C 14000Pa ,14000Pa ,275,14000,0
2021-05-12 16:06:30,2021-05-12 16:06:30,32.408,-110.5775,69,91,14811.45, StrTrk 148 9 1.56V 3C 13232Pa ,,2.005263337, 3C 13232Pa ,13232Pa ,276,13232,0
2021-05-12 16:07:30,2021-05-12 16:08:12,32.4085,-110.56467,65,88,14983.66, StrTrk 149 9 1.56V 3C 12863Pa ,,1.951713327, 3C 12863Pa ,12863Pa ,276,12863,0
2021-05-12 16:08:30,2021-05-12 16:08:30,32.40933,-110.5525,76,85,15136.67, StrTrk 150 9 1.57V 3C 12556Pa ,,1.734113328, 3C 12556Pa ,12556Pa ,276,12556,0
2021-05-12 16:09:30,2021-05-12 16:09:30,32.40933,-110.54067,65,88,15286.63, StrTrk 151 9 1.56V 4C 12262Pa ,,1.699546679, 4C 12262Pa ,12262Pa ,277,12262,0
2021-05-12 16:11:31,2021-05-12 16:11:31,32.41,-110.51767,59,77,15584.73, StrTrk 153 9 1.57V 4C 11675Pa ,,1.675272727, 4C 11675Pa ,11675Pa ,277,11675,0
2021-05-12 16:12:30,2021-05-12 16:12:30,32.4125,-110.50783,61,66,15746.58, StrTrk 154 9 1.58V 5C 11379Pa ,,1.865389832, 5C 11379Pa ,11379Pa ,278,11379,0
2021-05-12 16:13:30,2021-05-12 16:13:30,32.41517,-110.4965,67,85,15907.51, StrTrk 155 9 1.58V 6C 11079Pa ,,1.823873327, 6C 11079Pa ,11079Pa ,279,11079,0
2021-05-12 16:14:30,2021-05-12 16:14:30,32.41633,-110.4845,74,76,16063.57, StrTrk 156 9 1.57V 6C 10807Pa ,,1.768679994, 6C 10807Pa ,10807Pa ,279,10807,0
2021-05-12 16:15:30,2021-05-12 16:16:25,32.4175,-110.47217,65,91,16216.58, StrTrk 157 9 1.58V 7C 10540Pa ,,1.734113328, 7C 10540Pa ,10540Pa ,280,10540,0
2021-05-12 16:17:30,2021-05-12 16:17:30,32.41783,-110.45017,61,97,16499.74, StrTrk 159 9 1.58V 8C 10057Pa ,,1.604573337, 8C 10057Pa ,10057Pa ,281,10057,0
2021-05-12 16:18:30,2021-05-12 16:18:30,32.41783,-110.44017,54,83,16634.76, StrTrk 160 9 1.58V 09C 9849Pa ,,1.530226662, 09C 9849Pa , 9849Pa ,282,9849,0
2021-05-12 16:19:30,2021-05-12 16:19:30,32.41883,-110.431,50,76,16770.71, StrTrk 161 9 1.58V 09C 9636Pa ,,1.540766678, 09C 9636Pa , 9636Pa ,282,9636,0
2021-05-12 16:21:30,2021-05-12 16:21:30,32.4215,-110.41133,63,88,17074.59, StrTrk 163 9 1.59V 10C 9169Pa ,,1.721986661, 10C 9169Pa , 9169Pa ,283,9169,0
2021-05-12 16:22:30,2021-05-12 16:22:30,32.422,-110.4005,56,82,17230.65, StrTrk 164 9 1.59V 11C 8941Pa ,,1.768680013, 11C 8941Pa , 8941Pa ,284,8941,0
2021-05-12 16:23:30,2021-05-12 16:23:30,32.42167,-110.39117,52,91,17375.73, StrTrk 165 9 1.60V 11C 8732Pa ,,1.644239995, 11C 8732Pa , 8732Pa ,284,8732,0
2021-05-12 16:24:30,2021-05-12 16:24:30,32.42167,-110.38117,56,90,17524.78, StrTrk 166 9 1.59V 11C 8528Pa ,,1.689233328, 11C 8528Pa , 8528Pa ,284,8528,0
2021-05-12 16:26:30,2021-05-12 16:26:30,32.42283,-110.36083,50,98,17807.64, StrTrk 168 9 1.60V 12C 8143Pa ,,1.602873337, 12C 8143Pa , 8143Pa ,285,8143,0
2021-05-12 16:27:30,2021-05-12 16:27:30,32.42117,-110.35283,44,108,17970.7, StrTrk 169 9 1.60V 13C 7934Pa ,,1.848013327, 13C 7934Pa , 7934Pa ,286,7934,0
2021-05-12 16:28:30,2021-05-12 16:28:30,32.41833,-110.3445,56,108,18157.85, StrTrk 170 9 1.61V 14C 7706Pa ,,2.121033349, 14C 7706Pa , 7706Pa ,287,7706,0
2021-05-12 16:29:30,2021-05-12 16:29:30,32.417,-110.33617,37,87,18296.84, StrTrk 171 9 1.61V 15C 7537Pa ,,1.575219995, 15C 7537Pa , 7537Pa ,288,7537,0
2021-05-12 16:30:33,2021-05-12 16:30:33,32.41717,-110.3295,39,103,18437.66, StrTrk 172 9 1.60V 15C 7362Pa ,,1.519961898, 15C 7362Pa , 7362Pa ,288,7362,0
2021-05-12 16:31:30,2021-05-12 16:31:30,32.41617,-110.32383,24,100,18557.75, StrTrk 173 9 1.60V 16C 7227Pa ,,1.432652628, 16C 7227Pa , 7227Pa ,289,7227,0
2021-05-12 16:32:30,2021-05-12 16:32:30,32.416,-110.31817,39,83,18714.72, StrTrk 174 9 1.61V 17C 7061Pa ,,1.778993346, 17C 7061Pa , 7061Pa ,290,7061,0
2021-05-12 16:33:30,2021-05-12 16:33:30,32.41633,-110.3125,26,100,18872.91, StrTrk 175 9 1.61V 18C 6872Pa ,,1.792819994, 18C 6872Pa , 6872Pa ,291,6872,0
2021-05-12 16:34:30,2021-05-12 16:34:30,32.416,-110.30733,35,90,19023.79, StrTrk 176 9 1.61V 18C 6709Pa ,,1.709973328, 18C 6709Pa , 6709Pa ,291,6709,0
2021-05-12 16:36:30,2021-05-12 16:36:30,32.4135,-110.29533,35,107,19228.92, StrTrk 178 9 1.61V 19C 6494Pa ,,1.162403336, 19C 6494Pa , 6494Pa ,292,6494,0
2021-05-12 16:37:30,2021-05-12 16:37:30,32.41167,-110.28833,39,104,19330.72, StrTrk 179 9 1.61V 20C 6396Pa ,,1.15373333, 20C 6396Pa , 6396Pa ,293,6396,0
2021-05-12 16:38:30,2021-05-12 16:38:30,32.40967,-110.2815,37,106,19454.77, StrTrk 180 9 1.61V 20C 6265Pa ,,1.40590001, 20C 6265Pa , 6265Pa ,293,6265,0
2021-05-12 16:39:30,2021-05-12 16:39:30,32.408,-110.276,24,108,19572.73, StrTrk 181 9 1.61V 21C 6157Pa ,,1.336879996, 21C 6157Pa , 6157Pa ,294,6157,0
2021-05-12 16:41:30,2021-05-12 16:41:30,32.40833,-110.26967,20,65,19748.91, StrTrk 183 9 1.62V 22C 5997Pa ,,0.9983533353, 22C 5997Pa , 5997Pa ,295,5997,0
2021-05-12 16:42:30,2021-05-12 16:42:30,32.41017,-110.2655,31,67,19837.91, StrTrk 184 9 1.61V 23C 5919Pa ,,1.008666663, 23C 5919Pa , 5919Pa ,296,5919,0
2021-05-12 16:43:30,2021-05-12 16:43:30,32.41183,-110.26017,35,69,19939.71, StrTrk 185 9 1.62V 22C 5820Pa ,,1.15373333, 22C 5820Pa , 5820Pa ,295,5820,0
2021-05-12 16:44:30,2021-05-12 16:44:30,32.41383,-110.25383,33,75,20030.85, StrTrk 186 9 1.62V 22C 5740Pa ,,1.032920007, 22C 5740Pa , 5740Pa ,295,5740,0
2021-05-12 16:45:31,2021-05-12 16:45:31,32.41517,-110.24767,33,79,20117.71, StrTrk 187 9 1.62V 22C 5638Pa ,,0.968275403, 22C 5638Pa , 5638Pa ,295,5638,0
2021-05-12 16:46:30,2021-05-12 16:46:30,32.416,-110.24117,33,79,20206.72, StrTrk 188 9 1.63V 23C 5578Pa ,,1.025877967, 23C 5578Pa , 5578Pa ,296,5578,0
2021-05-12 16:47:30,2021-05-12 16:47:30,32.416,-110.23583,30,104,20318.88, StrTrk 189 9 1.63V 23C 5477Pa ,,1.271146663, 23C 5477Pa , 5477Pa ,296,5477,0
2021-05-12 16:48:30,2021-05-12 16:48:30,32.414,-110.23067,28,132,20406.97, StrTrk 190 9 1.63V 24C 5416Pa ,,0.9983533405, 24C 5416Pa , 5416Pa ,297,5416,0
2021-05-12 16:49:30,2021-05-12 16:49:30,32.41067,-110.22767,26,150,20457.87, StrTrk 191 9 1.62V 24C 5367Pa ,,0.5768666648, 24C 5367Pa , 5367Pa ,297,5367,0
2021-05-12 16:50:31,2021-05-12 16:50:31,32.40717,-110.22633,24,173,20524.93, StrTrk 192 9 1.63V 25C 5315Pa ,,0.7475541008, 25C 5315Pa , 5315Pa ,298,5315,0
2021-05-12 16:51:30,2021-05-12 16:51:30,32.4035,-110.2265,22,187,20582.84, StrTrk 193 9 1.63V 24C 5268Pa ,,0.6674372886, 24C 5268Pa , 5268Pa ,297,5268,0
2021-05-12 16:52:30,2021-05-12 16:52:30,32.40033,-110.22733,19,200,20647.76, StrTrk 194 9 1.64V 24C 5216Pa ,,0.7357599976, 24C 5216Pa , 5216Pa ,297,5216,0
2021-05-12 16:53:30,2021-05-12 16:53:30,32.398,-110.2285,13,209,20697.75, StrTrk 195 9 1.63V 25C 5185Pa ,,0.5665533315, 25C 5185Pa , 5185Pa ,298,5185,0
2021-05-12 16:54:30,2021-05-12 16:54:30,32.39633,-110.23,11,231,20745.91, StrTrk 196 9 1.64V 25C 5147Pa ,,0.5458133373, 25C 5147Pa , 5147Pa ,298,5147,0
2021-05-12 16:55:30,2021-05-12 16:55:30,32.39533,-110.23167,11,261,20811.74, StrTrk 197 9 1.64V 25C 5087Pa ,,0.7460733309, 25C 5087Pa , 5087Pa ,298,5087,0
2021-05-12 16:56:30,2021-05-12 16:56:30,32.39533,-110.23383,11,274,20841, StrTrk 198 9 1.64V 25C 5069Pa ,,0.3316133323, 25C 5069Pa , 5069Pa ,298,5069,0
2021-05-12 16:57:30,2021-05-12 16:57:30,32.39617,-110.2355,9,323,20899.83, StrTrk 199 9 1.64V 25C 5020Pa ,,0.6667400048, 25C 5020Pa , 5020Pa ,298,5020,0
2021-05-12 16:58:30,2021-05-12 16:58:30,32.39733,-110.23617,9,348,20939.76, StrTrk 200 9 1.64V 26C 5006Pa ,,0.4525399985, 26C 5006Pa , 5006Pa ,299,5006,0
2021-05-12 16:59:30,2021-05-12 16:59:30,32.39883,-110.23617,7,9,20962.92, StrTrk 201 9 1.64V 26C 4974Pa ,,0.2624799991, 26C 4974Pa , 4974Pa ,299,4974,0
2021-05-12 17:01:30,2021-05-12 17:01:30,32.4015,-110.2355,7,18,20987, StrTrk 203 9 1.64V 27C 4961Pa ,,0.1364533336, 27C 4961Pa , 4961Pa ,300,4961,0
2021-05-12 17:02:30,2021-05-12 17:02:30,32.40283,-110.235,7,14,20965.97, StrTrk 204 9 1.64V 28C 4991Pa ,,-0.2383399992, 28C 4991Pa , 4991Pa ,301,4991,0
2021-05-12 17:03:30,2021-05-12 17:03:30,32.404,-110.2345,6,27,20984.87, StrTrk 205 9 1.64V 28C 4967Pa ,,0.2141999993, 28C 4967Pa , 4967Pa ,301,4967,0
2021-05-12 17:04:30,2021-05-12 17:04:30,32.4045,-110.23367,6,52,21002.85, StrTrk 206 9 1.64V 28C 4966Pa ,,0.2037733348, 28C 4966Pa , 4966Pa ,301,4966,0
2021-05-12 17:05:30,2021-05-12 17:05:30,32.405,-110.233,6,37,20982.74, StrTrk 207 9 1.64V 27C 4963Pa ,,-0.2279133326, 27C 4963Pa , 4963Pa ,300,4963,0
2021-05-12 17:06:30,2021-05-12 17:06:30,32.40617,-110.23217,7,27,20989.75, StrTrk 208 9 1.64V 28C 4971Pa ,,0.07944666641, 28C 4971Pa , 4971Pa ,301,4971,0
2021-05-12 17:07:30,2021-05-12 17:07:30,32.407,-110.23167,6,23,21008.95, StrTrk 209 9 1.65V 28C 4956Pa ,,0.2176000016, 28C 4956Pa , 4956Pa ,301,4956,0
2021-05-12 17:08:30,2021-05-12 17:08:30,32.40817,-110.23133,7,20,20979.99, StrTrk 210 9 1.64V 29C 4989Pa ,,-0.3282133323, 29C 4989Pa , 4989Pa ,302,4989,0
2021-05-12 17:09:30,2021-05-12 17:09:30,32.40933,-110.23083,6,30,20999.81, StrTrk 211 9 1.65V 29C 4977Pa ,,0.2246266659, 29C 4977Pa , 4977Pa ,302,4977,0
2021-05-12 17:10:30,2021-05-12 17:10:30,32.40983,-110.23017,4,38,21029.98, StrTrk 212 9 1.65V 29C 4949Pa ,,0.3419266691, 29C 4949Pa , 4949Pa ,302,4949,0
2021-05-12 17:11:30,2021-05-12 17:11:30,32.41033,-110.22967,4,33,21008.95, StrTrk 213 9 1.65V 28C 4957Pa ,,-0.2383399992, 28C 4957Pa , 4957Pa ,301,4957,0
2021-05-12 17:12:30,2021-05-12 17:12:30,32.41117,-110.22933,6,29,20999.81, StrTrk 214 9 1.66V 28C 4968Pa ,,-0.1035866663, 28C 4968Pa , 4968Pa ,301,4968,0
2021-05-12 17:13:30,2021-05-12 17:13:30,32.41183,-110.22883,4,39,21028.76, StrTrk 215 9 1.66V 28C 4949Pa ,,0.3281000024, 28C 4949Pa , 4949Pa ,301,4949,0
2021-05-12 17:14:30,2021-05-12 17:14:30,32.41233,-110.22817,6,32,21012.91, StrTrk 216 9 1.65V 28C 4953Pa ,,-0.1796333327, 28C 4953Pa , 4953Pa ,301,4953,0
2021-05-12 17:15:30,2021-05-12 17:15:30,32.41317,-110.22767,6,15,20999.81, StrTrk 217 9 1.66V 28C 4961Pa ,,-0.1484666662, 28C 4961Pa , 4961Pa ,301,4961,0
2021-05-12 17:16:30,2021-05-12 17:16:30,32.41417,-110.22683,7,53,21037.91, StrTrk 218 9 1.66V 27C 4929Pa ,,0.4317999986, 27C 4929Pa , 4929Pa ,300,4929,0
2021-05-12 17:18:30,2021-05-12 17:18:30,32.41583,-110.22533,7,23,20994.01, StrTrk 220 9 1.66V 29C 4975Pa ,,-0.2487666672, 29C 4975Pa , 4975Pa ,302,4975,0
2021-05-12 17:19:30,2021-05-12 17:19:30,32.417,-110.22467,7,26,21012.91, StrTrk 221 9 1.65V 29C 4970Pa ,,0.2141999993, 29C 4970Pa , 4970Pa ,302,4970,0
2021-05-12 17:20:30,2021-05-12 17:20:30,32.41817,-110.22383,9,30,21002.85, StrTrk 222 9 1.66V 30C 4977Pa ,,-0.1140133342, 30C 4977Pa , 4977Pa ,303,4977,0
2021-05-12 17:21:30,2021-05-12 17:21:30,32.4195,-110.223,9,28,21002.85, StrTrk 223 9 1.66V 29C 4973Pa ,,0, 29C 4973Pa , 4973Pa ,302,4973,0
2021-05-12 17:22:30,2021-05-12 17:22:30,32.4205,-110.222,7,37,21012.91, StrTrk 224 9 1.66V 29C 4954Pa ,,0.114013333, 29C 4954Pa , 4954Pa ,302,4954,0
2021-05-12 17:23:30,2021-05-12 17:23:30,32.42167,-110.221,9,41,20989.75, StrTrk 225 9 1.66V 29C 4985Pa ,,-0.2624800019, 29C 4985Pa , 4985Pa ,302,4985,0
2021-05-12 17:24:30,2021-05-12 17:24:30,32.42283,-110.22,7,46,21008.95, StrTrk 226 9 1.66V 29C 4953Pa ,,0.2175999993, 29C 4953Pa , 4953Pa ,302,4953,0
2021-05-12 17:25:31,2021-05-12 17:25:31,32.4235,-110.21883,7,52,21033.94, StrTrk 227 9 1.65V 28C 4951Pa ,,0.2785770501, 28C 4951Pa , 4951Pa ,301,4951,0
2021-05-12 17:26:30,2021-05-12 17:26:30,32.4245,-110.21733,11,55,21040.95, StrTrk 228 9 1.66V 28C 4935Pa ,,0.08079322039, 28C 4935Pa , 4935Pa ,301,4935,0
2021-05-12 17:27:30,2021-05-12 17:27:30,32.42533,-110.21567,11,62,21030.9, StrTrk 229 9 1.66V 28C 4944Pa ,,-0.1138999996, 28C 4944Pa , 4944Pa ,301,4944,0
2021-05-12 17:28:30,2021-05-12 17:28:30,32.426,-110.21433,7,48,20982.74, StrTrk 230 9 1.66V 29C 4975Pa ,,-0.5458133316, 29C 4975Pa , 4975Pa ,302,4975,0
2021-05-12 17:29:30,2021-05-12 17:29:30,32.42683,-110.21317,7,50,20999.81, StrTrk 231 9 1.66V 30C 4974Pa ,,0.1934600014, 30C 4974Pa , 4974Pa ,303,4974,0
2021-05-12 17:31:30,2021-05-12 17:31:30,32.4285,-110.21117,7,43,20969.94, StrTrk 233 9 1.65V 30C 4996Pa ,,-0.1692633328, 30C 4996Pa , 4996Pa ,303,4996,0
2021-05-12 17:32:30,2021-05-12 17:32:30,32.42917,-110.21033,7,44,20979.99, StrTrk 234 9 1.66V 30C 4988Pa ,,0.1138999996, 30C 4988Pa , 4988Pa ,303,4988,0
2021-05-12 17:33:30,2021-05-12 17:33:30,32.43,-110.2095,6,35,20966.89, StrTrk 235 9 1.66V 30C 5002Pa ,,-0.1484666677, 30C 5002Pa , 5002Pa ,303,5002,0
2021-05-12 17:34:30,2021-05-12 17:34:30,32.43083,-110.209,6,34,20980.91, StrTrk 236 9 1.65V 30C 4993Pa ,,0.1588933328, 30C 4993Pa , 4993Pa ,303,4993,0
2021-05-12 17:36:30,2021-05-12 17:36:30,32.43267,-110.2075,6,32,20981.82, StrTrk 238 9 1.65V 30C 4990Pa ,,0.005156666677, 30C 4990Pa , 4990Pa ,303,4990,0
2021-05-12 17:37:30,2021-05-12 17:37:30,32.4335,-110.207,6,26,20988.83, StrTrk 239 9 1.66V 30C 4986Pa ,,0.07944666641, 30C 4986Pa , 4986Pa ,303,4986,0
2021-05-12 17:38:30,2021-05-12 17:38:30,32.4345,-110.2065,6,24,20983.96, StrTrk 240 9 1.66V 30C 4995Pa ,,-0.05519333315, 30C 4995Pa , 4995Pa ,303,4995,0
2021-05-12 17:39:30,2021-05-12 17:39:30,32.4355,-110.206,6,19,20983.96, StrTrk 241 9 1.66V 30C 4991Pa ,,0, 30C 4991Pa , 4991Pa ,303,4991,0
2021-05-12 17:40:30,2021-05-12 17:40:30,32.4365,-110.20567,6,15,20996.76, StrTrk 242 9 1.65V 30C 4980Pa ,,0.1450666662, 30C 4980Pa , 4980Pa ,303,4980,0
2021-05-12 17:41:30,2021-05-12 17:41:30,32.43767,-110.20533,7,12,21006.82, StrTrk 243 9 1.65V 30C 4975Pa ,,0.114013333, 30C 4975Pa , 4975Pa ,303,4975,0
2021-05-12 17:42:30,2021-05-12 17:42:30,32.43883,-110.20517,7,4,21005.9, StrTrk 244 9 1.65V 29C 4965Pa ,,-0.01042666674, 29C 4965Pa , 4965Pa ,302,4965,0
2021-05-12 17:43:30,2021-05-12 17:43:30,32.44017,-110.205,7,1,21001.02, StrTrk 245 9 1.65V 29C 4975Pa ,,-0.05530666649, 29C 4975Pa , 4975Pa ,302,4975,0
2021-05-12 17:44:30,2021-05-12 17:44:30,32.4415,-110.205,9,7,20998.89, StrTrk 246 9 1.65V 29C 4972Pa ,,-0.02413999992, 29C 4972Pa , 4972Pa ,302,4972,0
2021-05-12 17:45:30,2021-05-12 17:45:30,32.443,-110.20467,9,8,20991.88, StrTrk 247 9 1.65V 29C 4982Pa ,,-0.07944666641, 29C 4982Pa , 4982Pa ,302,4982,0
2021-05-12 17:46:30,2021-05-12 17:46:30,32.4445,-110.20433,9,6,20989.75, StrTrk 248 9 1.66V 29C 4985Pa ,,-0.02414000017, 29C 4985Pa , 4985Pa ,302,4985,0
2021-05-12 17:47:30,2021-05-12 17:47:30,32.446,-110.20417,9,7,20992.8, StrTrk 249 9 1.66V 30C 4980Pa ,,0.03456666655, 30C 4980Pa , 4980Pa ,303,4980,0
2021-05-12 17:48:30,2021-05-12 17:48:30,32.4475,-110.20367,9,16,21009.86, StrTrk 250 9 1.66V 30C 4969Pa ,,0.193346666, 30C 4969Pa , 4969Pa ,303,4969,0
2021-05-12 17:49:30,2021-05-12 17:49:30,32.449,-110.20333,9,10,20990.97, StrTrk 251 9 1.65V 30C 4987Pa ,,-0.2140866682, 30C 4987Pa , 4987Pa ,303,4987,0
2021-05-12 17:51:30,2021-05-12 17:51:30,32.45267,-110.2025,11,8,20974.81, StrTrk 253 9 1.66V 29C 4995Pa ,,-0.09157333303, 29C 4995Pa , 4995Pa ,302,4995,0
2021-05-12 17:52:30,2021-05-12 17:52:30,32.4545,-110.20233,13,9,20981.82, StrTrk 254 9 1.65V 29C 4983Pa ,,0.07944666724, 29C 4983Pa , 4983Pa ,302,4983,0
2021-05-12 17:53:30,2021-05-12 17:53:30,32.4565,-110.20183,13,11,20991.88, StrTrk 255 9 1.65V 28C 4981Pa ,,0.114013333, 28C 4981Pa , 4981Pa ,301,4981,0
2021-05-12 17:54:30,2021-05-12 17:54:30,32.45867,-110.2015,13,4,20980.91, StrTrk 256 9 1.66V 29C 4984Pa ,,-0.1243266663, 29C 4984Pa , 4984Pa ,302,4984,0
2021-05-12 17:55:30,2021-05-12 17:55:30,32.46083,-110.20117,15,7,20975.73, StrTrk 257 9 1.66V 29C 4992Pa ,,-0.05870666709, 29C 4992Pa , 4992Pa ,302,4992,0
2021-05-12 17:56:30,2021-05-12 17:56:30,32.463,-110.20067,13,7,20975.73, StrTrk 258 9 1.66V 29C 4992Pa ,,0, 29C 4992Pa , 4992Pa ,302,4992,0
2021-05-12 17:57:30,2021-05-12 17:57:30,32.465,-110.20017,13,14,20987, StrTrk 259 9 1.65V 29C 4982Pa ,,0.1277266663, 29C 4982Pa , 4982Pa ,302,4982,0
2021-05-12 17:58:30,2021-05-12 17:58:30,32.46717,-110.19967,13,12,20992.8, StrTrk 260 9 1.65V 29C 4978Pa ,,0.06573333381, 29C 4978Pa , 4978Pa ,302,4978,0
2021-05-12 17:59:30,2021-05-12 17:59:30,32.46933,-110.199,15,13,20994.93, StrTrk 261 9 1.66V 29C 4978Pa ,,0.02413999992, 29C 4978Pa , 4978Pa ,302,4978,0
2021-05-12 18:00:30,2021-05-12 18:00:30,32.4715,-110.19833,13,11,20994.93, StrTrk 262 9 1.65V 29C 4986Pa ,,0, 29C 4986Pa , 4986Pa ,302,4986,0
2021-05-12 18:01:30,2021-05-12 18:01:30,32.4735,-110.19783,15,15,21003.77, StrTrk 263 9 1.65V 30C 4974Pa ,,0.1001866663, 30C 4974Pa , 4974Pa ,303,4974,0
2021-05-12 18:02:30,2021-05-12 18:02:30,32.47567,-110.19717,13,14,21007.73, StrTrk 264 9 1.66V 29C 4963Pa ,,0.04488000032, 29C 4963Pa , 4963Pa ,302,4963,0
2021-05-12 18:03:30,2021-05-12 18:03:30,32.47783,-110.1965,15,15,21012, StrTrk 265 9 1.65V 29C 4964Pa ,,0.04839333318, 29C 4964Pa , 4964Pa ,302,4964,0
2021-05-12 18:04:30,2021-05-12 18:04:30,32.47983,-110.19567,11,19,21031.81, StrTrk 266 9 1.66V 28C 4939Pa ,,0.2245133326, 28C 4939Pa , 4939Pa ,301,4939,0
2021-05-12 18:05:31,2021-05-12 18:05:31,32.48183,-110.195,15,14,20997.98, StrTrk 267 9 1.65V 28C 4966Pa ,,-0.3771213127, 28C 4966Pa , 4966Pa ,301,4966,0
2021-05-12 18:06:30,2021-05-12 18:06:30,32.484,-110.19417,13,13,21008.95, StrTrk 268 9 1.65V 28C 4961Pa ,,0.1264338984, 28C 4961Pa , 4961Pa ,301,4961,0
2021-05-12 18:07:30,2021-05-12 18:07:30,32.48617,-110.193,17,36,21052.84, StrTrk 269 9 1.66V 28C 4930Pa ,,0.4974199984, 28C 4930Pa , 4930Pa ,301,4930,0
2021-05-12 18:08:30,2021-05-12 18:08:30,32.48833,-110.1915,17,34,21049.79, StrTrk 270 9 1.65V 28C 4931Pa ,,-0.03456666692, 28C 4931Pa , 4931Pa ,301,4931,0
2021-05-12 18:09:30,2021-05-12 18:09:30,32.49033,-110.19017,15,22,21021.75, StrTrk 271 9 1.65V 28C 4962Pa ,,-0.3177866656, 28C 4962Pa , 4962Pa ,301,4962,0
2021-05-12 18:11:30,2021-05-12 18:11:30,32.495,-110.18867,15,6,20977.86, StrTrk 273 9 1.66V 28C 4989Pa ,,-0.2487100005, 28C 4989Pa , 4989Pa ,301,4989,0
2021-05-12 18:12:30,2021-05-12 18:12:30,32.49733,-110.1885,15,359,20970.85, StrTrk 274 9 1.65V 28C 4991Pa ,,-0.07944666641, 28C 4991Pa , 4991Pa ,301,4991,0
2021-05-12 18:13:30,2021-05-12 18:13:30,32.4995,-110.1885,15,2,20979.99, StrTrk 275 9 1.66V 28C 4975Pa ,,0.1035866663, 28C 4975Pa , 4975Pa ,301,4975,0
2021-05-12 18:14:30,2021-05-12 18:14:30,32.50167,-110.18867,13,358,20980.91, StrTrk 276 9 1.66V 28C 4983Pa ,,0.01042666674, 28C 4983Pa , 4983Pa ,301,4983,0
2021-05-12 18:15:30,2021-05-12 18:15:30,32.50383,-110.18867,13,6,20992.8, StrTrk 277 9 1.66V 28C 4968Pa ,,0.1347533329, 28C 4968Pa , 4968Pa ,301,4968,0
2021-05-12 18:16:31,2021-05-12 18:16:31,32.50633,-110.18783,17,13,20991.88, StrTrk 278 9 1.66V 27C 4969Pa ,,-0.01025573774, 27C 4969Pa , 4969Pa ,300,4969,0
2021-05-12 18:18:30,2021-05-12 18:18:30,32.51117,-110.18817,15,353,20977.86, StrTrk 280 9 1.65V 27C 4975Pa ,,-0.08011428561, 27C 4975Pa , 4975Pa ,300,4975,0
2021-05-12 18:19:30,2021-05-12 18:19:30,32.5135,-110.1885,15,354,20981.82, StrTrk 281 9 1.66V 27C 4968Pa ,,0.04487999985, 27C 4968Pa , 4968Pa ,300,4968,0
2021-05-12 18:20:31,2021-05-12 18:20:31,32.516,-110.18867,17,357,20985.78, StrTrk 282 9 1.65V 27C 4970Pa ,,0.04414426244, 27C 4970Pa , 4970Pa ,300,4970,0
2021-05-12 18:21:30,2021-05-12 18:21:30,32.5185,-110.18883,17,1,20989.75, StrTrk 283 9 1.66V 27C 4972Pa ,,0.04575593223, 27C 4972Pa , 4972Pa ,300,4972,0
2021-05-12 18:22:30,2021-05-12 18:22:30,32.52083,-110.189,17,358,20989.75, StrTrk 284 9 1.66V 27C 4966Pa ,,0, 27C 4966Pa , 4966Pa ,300,4966,0
2021-05-12 18:23:30,2021-05-12 18:23:30,32.52333,-110.189,17,4,21006.82, StrTrk 285 9 1.65V 26C 4955Pa ,,0.1934599994, 26C 4955Pa , 4955Pa ,299,4955,0
2021-05-12 18:24:30,2021-05-12 18:24:30,32.526,-110.18833,19,20,21026.93, StrTrk 286 9 1.66V 26C 4937Pa ,,0.227913335, 26C 4937Pa , 4937Pa ,299,4937,0
2021-05-12 18:25:30,2021-05-12 18:25:30,32.5285,-110.18767,15,1,21009.86, StrTrk 287 9 1.66V 26C 4955Pa ,,-0.1934599994, 26C 4955Pa , 4955Pa ,299,4955,0
2021-05-12 18:26:30,2021-05-12 18:26:30,32.53083,-110.18733,17,11,21020.84, StrTrk 288 9 1.65V 26C 4937Pa ,,0.1244399996, 26C 4937Pa , 4937Pa ,299,4937,0
2021-05-12 18:27:30,2021-05-12 18:27:30,32.53317,-110.18667,13,12,21036.99, StrTrk 289 9 1.66V 26C 4932Pa ,,0.1830333347, 26C 4932Pa , 4932Pa ,299,4932,30
2021-05-12 18:28:30,2021-05-12 18:28:30,32.53567,-110.18583,15,7,21013.83, StrTrk 290 9 1.66V 27C 4948Pa ,,-0.2624799991, 27C 4948Pa , 4948Pa ,300,4948,30
2021-05-12 18:29:30,2021-05-12 18:29:30,32.538,-110.1855,15,5,21005.9, StrTrk 291 9 1.66V 27C 4959Pa ,,-0.08987333304, 27C 4959Pa , 4959Pa ,300,4959,30
2021-05-12 18:30:30,2021-05-12 18:30:30,32.54033,-110.18533,15,355,20972.98, StrTrk 292 9 1.66V 27C 4987Pa ,,-0.3730933321, 27C 4987Pa , 4987Pa ,300,4987,30
2021-05-12 18:31:30,2021-05-12 18:31:30,32.5425,-110.1865,13,319,20835.82, StrTrk 293 9 1.65V 27C 5093Pa ,,-1.554480011, 27C 5093Pa , 5093Pa ,300,5093,30
2021-05-12 18:33:30,2021-05-12 18:33:30,32.5405,-110.19367,28,226,20614.84, StrTrk 295 9 1.65V 26C 5264Pa ,,-1.252219996, 26C 5264Pa , 5264Pa ,299,5264,30
2021-05-12 18:34:30,2021-05-12 18:34:30,32.53683,-110.19717,31,211,20513.95, StrTrk 296 9 1.65V 25C 5338Pa ,,-1.143420008, 25C 5338Pa , 5338Pa ,298,5338,30
2021-05-12 18:35:30,2021-05-12 18:35:30,32.53217,-110.19933,33,193,20430.74, StrTrk 297 9 1.65V 25C 5410Pa ,,-0.9430466636, 25C 5410Pa , 5410Pa ,298,5410,30
2021-05-12 18:36:30,2021-05-12 18:36:30,32.52683,-110.20017,33,183,20351.8, StrTrk 298 9 1.65V 25C 5475Pa ,,-0.8946533304, 25C 5475Pa , 5475Pa ,298,5475,30
2021-05-12 18:38:30,2021-05-12 18:38:30,32.517,-110.199,30,166,20293.89, StrTrk 300 9 1.65V 24C 5521Pa ,,-0.3281566673, 24C 5521Pa , 5521Pa ,297,5521,30
2021-05-12 18:39:30,2021-05-12 18:39:30,32.5125,-110.19733,28,161,20283.83, StrTrk 301 9 1.65V 24C 5529Pa ,,-0.114013333, 24C 5529Pa , 5529Pa ,297,5529,30
2021-05-12 18:40:30,2021-05-12 18:40:30,32.5085,-110.19583,26,161,20276.82, StrTrk 302 9 1.66V 24C 5528Pa ,,-0.07944666724, 24C 5528Pa , 5528Pa ,297,5528,30
2021-05-12 18:41:30,2021-05-12 18:41:30,32.50433,-110.19417,26,160,20278.95, StrTrk 303 9 1.66V 24C 5528Pa ,,0.02413999992, 24C 5528Pa , 5528Pa ,297,5528,30
2021-05-12 18:42:30,2021-05-12 18:42:30,32.50033,-110.19267,24,161,20251.83, StrTrk 304 9 1.65V 24C 5557Pa ,,-0.307359999, 24C 5557Pa , 5557Pa ,297,5557,30
2021-05-12 18:43:30,2021-05-12 18:43:30,32.4965,-110.191,26,159,20229.88, StrTrk 305 9 1.66V 24C 5575Pa ,,-0.2487666685, 24C 5575Pa , 5575Pa ,297,5575,30
2021-05-12 18:44:30,2021-05-12 18:44:30,32.4925,-110.18917,28,151,20217.69, StrTrk 306 9 1.65V 24C 5578Pa ,,-0.1381533329, 24C 5578Pa , 5578Pa ,297,5578,30
2021-05-12 18:46:30,2021-05-12 18:46:30,32.48583,-110.18317,28,142,20203.97, StrTrk 308 9 1.64V 24C 5598Pa ,,-0.07774666641, 24C 5598Pa , 5598Pa ,297,5598,30
2021-05-12 18:47:30,2021-05-12 18:47:30,32.4825,-110.18017,26,143,20190.87, StrTrk 309 9 1.65V 24C 5606Pa ,,-0.1484666677, 24C 5606Pa , 5606Pa ,297,5606,0
2021-05-12 18:48:30,2021-05-12 18:48:30,32.479,-110.1775,28,152,20204.89, StrTrk 310 9 1.65V 23C 5593Pa ,,0.1588933328, 23C 5593Pa , 5593Pa ,296,5593,0
2021-05-12 18:49:30,2021-05-12 18:49:30,32.47517,-110.1755,28,152,20208.85, StrTrk 311 9 1.64V 23C 5594Pa ,,0.04487999985, 23C 5594Pa , 5594Pa ,296,5594,0
2021-05-12 18:50:30,2021-05-12 18:50:30,32.47133,-110.17367,26,164,20256.7, StrTrk 312 9 1.64V 23C 5543Pa ,,0.5423000039, 23C 5543Pa , 5543Pa ,296,5543,0
2021-05-12 18:51:30,2021-05-12 18:51:30,32.4675,-110.17283,28,180,20357.9, StrTrk 313 9 1.65V 23C 5458Pa ,,1.14693333, 23C 5458Pa , 5458Pa ,296,5458,0
2021-05-12 18:52:30,2021-05-12 18:52:30,32.46283,-110.17367,31,200,20438.97, StrTrk 314 9 1.65V 23C 5391Pa ,,0.9187933303, 23C 5391Pa , 5391Pa ,296,5391,0
2021-05-12 18:53:30,2021-05-12 18:53:30,32.458,-110.17617,35,207,20485.91, StrTrk 315 9 1.64V 23C 5348Pa ,,0.5319866705, 23C 5348Pa , 5348Pa ,296,5348,0
2021-05-12 18:54:30,2021-05-12 18:54:30,32.454,-110.1795,28,222,20552.97, StrTrk 316 9 1.64V 23C 5291Pa ,,0.7600133309, 23C 5291Pa , 5291Pa ,296,5291,0
2021-05-12 18:55:30,2021-05-12 18:55:30,32.45133,-110.18333,26,240,20655.99, StrTrk 317 9 1.64V 23C 5205Pa ,,1.167559996, 23C 5205Pa , 5205Pa ,296,5205,0
2021-05-12 18:57:30,2021-05-12 18:57:30,32.4505,-110.192,24,273,20788.88, StrTrk 319 9 1.64V 23C 5100Pa ,,0.7530433348, 23C 5100Pa , 5100Pa ,296,5100,0
2021-05-12 18:58:30,2021-05-12 18:58:30,32.451,-110.19617,24,279,20848.93, StrTrk 320 9 1.63V 23C 5054Pa ,,0.6805666644, 23C 5054Pa , 5054Pa ,296,5054,0
2021-05-12 18:59:30,2021-05-12 18:59:30,32.4525,-110.19983,20,299,20895.87, StrTrk 321 9 1.64V 23C 5016Pa ,,0.5319866705, 23C 5016Pa , 5016Pa ,296,5016,0
2021-05-12 19:00:30,2021-05-12 19:00:30,32.45417,-110.20267,19,321,20938.85, StrTrk 322 9 1.64V 23C 4987Pa ,,0.4871066651, 23C 4987Pa , 4987Pa ,296,4987,0
2021-05-12 19:01:30,2021-05-12 19:01:30,32.45633,-110.20467,19,325,20973.9, StrTrk 323 9 1.64V 23C 4953Pa ,,0.397233332, 23C 4953Pa , 4953Pa ,296,4953,0
2021-05-12 19:02:30,2021-05-12 19:02:30,32.4585,-110.20617,15,337,21009.86, StrTrk 324 9 1.64V 23C 4925Pa ,,0.4075466653, 23C 4925Pa , 4925Pa ,296,4925,0
2021-05-12 19:03:30,2021-05-12 19:03:30,32.46083,-110.207,13,342,21035.77, StrTrk 325 9 1.64V 23C 4907Pa ,,0.2936466688, 23C 4907Pa , 4907Pa ,296,4907,0
2021-05-12 19:04:30,2021-05-12 19:04:30,32.46267,-110.207,13,2,21052.84, StrTrk 326 9 1.64V 23C 4895Pa ,,0.1934599994, 23C 4895Pa , 4895Pa ,296,4895,0
2021-05-12 19:05:30,2021-05-12 19:05:30,32.46483,-110.20717,15,349,21026.02, StrTrk 327 9 1.64V 23C 4916Pa ,,-0.303959999, 23C 4916Pa , 4916Pa ,296,4916,0
2021-05-12 19:06:30,2021-05-12 19:06:30,32.46717,-110.20767,13,2,21033.94, StrTrk 328 9 1.63V 23C 4907Pa ,,0.08976000065, 23C 4907Pa , 4907Pa ,296,4907,0
2021-05-12 19:07:30,2021-05-12 19:07:30,32.46917,-110.20717,11,15,21045.83, StrTrk 329 9 1.64V 23C 4901Pa ,,0.1347533329, 23C 4901Pa , 4901Pa ,296,4901,0
2021-05-12 19:08:30,2021-05-12 19:08:30,32.471,-110.20683,11,5,21039.73, StrTrk 330 9 1.64V 24C 4907Pa ,,-0.06913333311, 24C 4907Pa , 4907Pa ,297,4907,0
2021-05-12 19:09:30,2021-05-12 19:09:30,32.47283,-110.2065,11,12,21039.73, StrTrk 331 9 1.64V 24C 4905Pa ,,0, 24C 4905Pa , 4905Pa ,297,4905,0
2021-05-12 19:10:30,2021-05-12 19:10:30,32.47467,-110.206,11,5,21023.88, StrTrk 332 9 1.64V 24C 4919Pa ,,-0.1796333327, 24C 4919Pa , 4919Pa ,297,4919,0
2021-05-12 19:11:30,2021-05-12 19:11:30,32.47633,-110.2055,13,26,21051.01, StrTrk 333 9 1.63V 24C 4897Pa ,,0.3074733323, 24C 4897Pa , 4897Pa ,297,4897,0
2021-05-12 19:12:30,2021-05-12 19:12:30,32.47817,-110.20417,11,28,21042.78, StrTrk 334 9 1.64V 24C 4901Pa ,,-0.09327333401, 24C 4901Pa , 4901Pa ,297,4901,0
2021-05-12 19:13:30,2021-05-12 19:13:30,32.47983,-110.20317,13,22,21048.88, StrTrk 335 9 1.65V 24C 4890Pa ,,0.06913333311, 24C 4890Pa , 4890Pa ,297,4890,0
2021-05-12 19:14:30,2021-05-12 19:14:30,32.48117,-110.20167,13,50,21069.91, StrTrk 336 9 1.64V 24C 4886Pa ,,0.2383399992, 24C 4886Pa , 4886Pa ,297,4886,0
2021-05-12 19:16:30,2021-05-12 19:16:30,32.48433,-110.19867,13,31,21058.94, StrTrk 338 9 1.64V 24C 4887Pa ,,-0.06216333346, 24C 4887Pa , 4887Pa ,297,4887,0
2021-05-12 19:17:30,2021-05-12 19:17:30,32.48567,-110.19717,11,58,21073.87, StrTrk 339 9 1.64V 24C 4884Pa ,,0.1692066661, 24C 4884Pa , 4884Pa ,297,4884,0
2021-05-12 19:18:30,2021-05-12 19:18:30,32.487,-110.19533,13,35,21031.81, StrTrk 340 9 1.64V 24C 4919Pa ,,-0.4766799984, 24C 4919Pa , 4919Pa ,297,4919,0
2021-05-12 19:19:30,2021-05-12 19:19:30,32.48867,-110.194,11,38,21040.95, StrTrk 341 9 1.65V 24C 4908Pa ,,0.1035866674, 24C 4908Pa , 4908Pa ,297,4908,0
2021-05-12 19:20:30,2021-05-12 19:20:30,32.48983,-110.19217,15,50,21052.84, StrTrk 342 9 1.64V 24C 4897Pa ,,0.1347533329, 24C 4897Pa , 4897Pa ,297,4897,0
2021-05-12 19:21:30,2021-05-12 19:21:30,32.4915,-110.1905,13,34,21041.87, StrTrk 343 9 1.64V 25C 4911Pa ,,-0.1243266663, 25C 4911Pa , 4911Pa ,298,4911,0
2021-05-12 19:22:30,2021-05-12 19:22:30,32.493,-110.189,13,44,21066.86, StrTrk 344 9 1.64V 25C 4882Pa ,,0.283220002, 25C 4882Pa , 4882Pa ,298,4882,0
2021-05-12 19:23:30,2021-05-12 19:23:30,32.49467,-110.18733,13,40,21044.92, StrTrk 345 9 1.64V 24C 4903Pa ,,-0.2486533325, 24C 4903Pa , 4903Pa ,297,4903,0
2021-05-12 19:24:30,2021-05-12 19:24:30,32.49633,-110.18567,13,42,21051.93, StrTrk 346 9 1.64V 24C 4903Pa ,,0.07944666641, 24C 4903Pa , 4903Pa ,297,4903,0
2021-05-12 19:25:30,2021-05-12 19:25:30,32.4975,-110.18367,15,51,21054.97, StrTrk 347 9 1.64V 24C 4898Pa ,,0.03445333358, 24C 4898Pa , 4898Pa ,297,4898,0
2021-05-12 19:26:30,2021-05-12 19:26:30,32.49917,-110.18217,13,31,21044.92, StrTrk 348 9 1.64V 24C 4906Pa ,,-0.1138999996, 24C 4906Pa , 4906Pa ,297,4906,0
2021-05-12 19:27:30,2021-05-12 19:27:30,32.50083,-110.18033,13,57,21084.84, StrTrk 349 9 1.65V 25C 4880Pa ,,0.4524266652, 25C 4880Pa , 4880Pa ,298,4880,0
2021-05-12 19:28:30,2021-05-12 19:28:30,32.50233,-110.17833,15,39,21039.73, StrTrk 350 9 1.64V 25C 4907Pa ,,-0.5112466704, 25C 4907Pa , 4907Pa ,298,4907,0
2021-05-12 19:29:30,2021-05-12 19:29:30,32.50433,-110.17667,15,37,21048.88, StrTrk 351 9 1.65V 25C 4908Pa ,,0.1036999997, 25C 4908Pa , 4908Pa ,298,4908,0
2021-05-12 19:30:30,2021-05-12 19:30:30,32.50567,-110.1745,15,61,21073.87, StrTrk 352 9 1.65V 25C 4885Pa ,,0.2832199991, 25C 4885Pa , 4885Pa ,298,4885,0
2021-05-12 19:31:30,2021-05-12 19:31:30,32.50717,-110.17267,15,37,21051.01, StrTrk 353 9 1.65V 25C 4909Pa ,,-0.2590799992, 25C 4909Pa , 4909Pa ,298,4909,0
2021-05-12 19:32:30,2021-05-12 19:32:30,32.50883,-110.17083,13,47,21083.93, StrTrk 354 9 1.64V 25C 4882Pa ,,0.373093336, 25C 4882Pa , 4882Pa ,298,4882,0
2021-05-12 19:33:30,2021-05-12 19:33:30,32.51,-110.16867,15,55,21084.84, StrTrk 355 9 1.65V 25C 4880Pa ,,0.0103133333, 25C 4880Pa , 4880Pa ,298,4880,0
2021-05-12 19:34:30,2021-05-12 19:34:30,32.51167,-110.16683,15,36,21044.92, StrTrk 356 9 1.65V 25C 4911Pa ,,-0.4524266652, 25C 4911Pa , 4911Pa ,298,4911,0
2021-05-12 19:35:30,2021-05-12 19:35:30,32.51333,-110.16517,15,42,21062.9, StrTrk 357 9 1.65V 25C 4896Pa ,,0.2037733348, 25C 4896Pa , 4896Pa ,298,4896,0
2021-05-12 19:36:30,2021-05-12 19:36:30,32.51467,-110.16317,15,58,21096.73, StrTrk 358 9 1.64V 25C 4878Pa ,,0.3834066654, 25C 4878Pa , 4878Pa ,298,4878,0
2021-05-12 19:37:30,2021-05-12 19:37:30,32.51583,-110.1605,17,72,21104.96, StrTrk 359 9 1.64V 25C 4861Pa ,,0.09327333303, 25C 4861Pa , 4861Pa ,298,4861,0
2021-05-12 19:38:30,2021-05-12 19:38:30,32.51683,-110.1575,20,61,21136.97, StrTrk 360 9 1.64V 25C 4840Pa ,,0.3627800026, 25C 4840Pa , 4840Pa ,298,4840,0
2021-05-12 19:39:30,2021-05-12 19:39:30,32.518,-110.15417,17,63,21079.97, StrTrk 361 9 1.64V 25C 4881Pa ,,-0.6459999979, 25C 4881Pa , 4881Pa ,298,4881,0
2021-05-12 19:40:30,2021-05-12 19:40:30,32.5195,-110.15183,15,42,21053.76, StrTrk 362 9 1.65V 25C 4904Pa ,,-0.2970466657, 25C 4904Pa , 4904Pa ,298,4904,0
2021-05-12 19:41:30,2021-05-12 19:41:30,32.52117,-110.14967,17,56,21096.73, StrTrk 363 9 1.64V 25C 4875Pa ,,0.4869933368, 25C 4875Pa , 4875Pa ,298,4875,0
2021-05-12 19:42:30,2021-05-12 19:42:30,32.52233,-110.14733,15,52,21067.78, StrTrk 364 9 1.64V 25C 4896Pa ,,-0.3280999989, 25C 4896Pa , 4896Pa ,298,4896,0
2021-05-12 19:43:30,2021-05-12 19:43:30,32.52433,-110.14533,17,38,21051.93, StrTrk 365 9 1.64V 26C 4911Pa ,,-0.1796333327, 26C 4911Pa , 4911Pa ,299,4911,0
2021-05-12 19:44:30,2021-05-12 19:44:30,32.526,-110.14317,17,56,21083.93, StrTrk 366 9 1.65V 26C 4880Pa ,,0.3626666693, 26C 4880Pa , 4880Pa ,299,4880,0
2021-05-12 19:45:30,2021-05-12 19:45:30,32.52733,-110.14067,15,47,21066.86, StrTrk 367 9 1.64V 25C 4894Pa ,,-0.1934599994, 25C 4894Pa , 4894Pa ,298,4894,0
2021-05-12 19:46:30,2021-05-12 19:46:30,32.52933,-110.13867,17,38,21062.9, StrTrk 368 9 1.64V 25C 4900Pa ,,-0.04487999985, 25C 4900Pa , 4900Pa ,298,4900,0
2021-05-12 19:47:30,2021-05-12 19:47:30,32.53117,-110.1365,19,54,21099.78, StrTrk 369 9 1.64V 26C 4867Pa ,,0.417973332, 26C 4867Pa , 4867Pa ,299,4867,0
2021-05-12 19:48:30,2021-05-12 19:48:30,32.53283,-110.13367,17,53,21086.98, StrTrk 370 9 1.65V 26C 4889Pa ,,-0.1450666677, 26C 4889Pa , 4889Pa ,299,4889,0
2021-05-12 19:49:30,2021-05-12 19:49:30,32.53483,-110.1315,20,37,21055.89, StrTrk 371 9 1.64V 26C 4913Pa ,,-0.3523533322, 26C 4913Pa , 4913Pa ,299,4913,0
2021-05-12 19:50:30,2021-05-12 19:50:30,32.53717,-110.12933,19,41,21069.91, StrTrk 372 9 1.64V 26C 4898Pa ,,0.1588933328, 26C 4898Pa , 4898Pa ,299,4898,0
2021-05-12 19:51:30,2021-05-12 19:51:30,32.539,-110.12667,19,55,21071.74, StrTrk 373 9 1.64V 26C 4903Pa ,,0.02074000015, 26C 4903Pa , 4903Pa ,299,4903,0
2021-05-12 19:52:30,2021-05-12 19:52:30,32.54083,-110.12417,20,42,21026.93, StrTrk 374 9 1.65V 27C 4935Pa ,,-0.507846665, 27C 4935Pa , 4935Pa ,300,4935,0
2021-05-12 19:53:30,2021-05-12 19:53:30,32.54333,-110.12183,20,39,21031.81, StrTrk 375 9 1.65V 26C 4928Pa ,,0.05530666649, 26C 4928Pa , 4928Pa ,299,4928,0
2021-05-12 19:54:30,2021-05-12 19:54:30,32.54533,-110.11933,19,54,21058.94, StrTrk 376 9 1.64V 26C 4909Pa ,,0.3074733356, 26C 4909Pa , 4909Pa ,299,4909,0
2021-05-12 19:55:30,2021-05-12 19:55:30,32.54733,-110.11683,20,33,21029.98, StrTrk 377 9 1.65V 26C 4932Pa ,,-0.3282133323, 26C 4932Pa , 4932Pa ,299,4932,0
2021-05-12 19:56:30,2021-05-12 19:56:30,32.55017,-110.11483,19,33,21041.87, StrTrk 378 9 1.65V 26C 4921Pa ,,0.1347533329, 26C 4921Pa , 4921Pa ,299,4921,0
2021-05-12 19:57:30,2021-05-12 19:57:30,32.55233,-110.11233,19,45,21063.81, StrTrk 379 9 1.65V 26C 4914Pa ,,0.2486533351, 26C 4914Pa , 4914Pa ,299,4914,0
2021-05-12 19:58:30,2021-05-12 19:58:30,32.55483,-110.11,20,30,21008.95, StrTrk 380 9 1.64V 26C 4945Pa ,,-0.6217466646, 26C 4945Pa , 4945Pa ,299,4945,0
2021-05-12 19:59:30,2021-05-12 19:59:30,32.55767,-110.108,19,33,21031.81, StrTrk 381 9 1.65V 26C 4917Pa ,,0.2590799992, 26C 4917Pa , 4917Pa ,299,4917,0
2021-05-12 20:00:30,2021-05-12 20:00:30,32.55983,-110.10567,19,45,21039.73, StrTrk 382 9 1.65V 26C 4916Pa ,,0.08975999971, 26C 4916Pa , 4916Pa ,299,4916,0
2021-05-12 20:01:30,2021-05-12 20:01:30,32.5625,-110.1035,22,31,21002.85, StrTrk 383 9 1.65V 26C 4945Pa ,,-0.4179733364, 26C 4945Pa , 4945Pa ,299,4945,0
2021-05-12 20:02:30,2021-05-12 20:02:30,32.56517,-110.10133,20,37,21012.91, StrTrk 384 9 1.65V 26C 4943Pa ,,0.114013333, 26C 4943Pa , 4943Pa ,299,4943,0
2021-05-12 20:03:30,2021-05-12 20:03:30,32.56767,-110.09917,20,35,20999.81, StrTrk 385 9 1.65V 26C 4953Pa ,,-0.1484666662, 26C 4953Pa , 4953Pa ,299,4953,0
2021-05-12 20:04:30,2021-05-12 20:04:30,32.57033,-110.09717,20,30,20999.81, StrTrk 386 9 1.64V 26C 4953Pa ,,0, 26C 4953Pa , 4953Pa ,299,4953,0
2021-05-12 20:05:30,2021-05-12 20:05:30,32.57233,-110.09517,17,47,21029.98, StrTrk 387 9 1.65V 26C 4930Pa ,,0.3419266656, 26C 4930Pa , 4930Pa ,299,4930,0
2021-05-12 20:06:30,2021-05-12 20:06:30,32.574,-110.09283,19,46,21012, StrTrk 388 9 1.65V 26C 4941Pa ,,-0.2037733327, 26C 4941Pa , 4941Pa ,299,4941,0
2021-05-12 20:07:30,2021-05-12 20:07:30,32.57633,-110.09067,19,37,20990.97, StrTrk 389 9 1.64V 26C 4959Pa ,,-0.2383400017, 26C 4959Pa , 4959Pa ,299,4959,0
2021-05-12 20:08:30,2021-05-12 20:08:30,32.57867,-110.0885,19,44,21008.95, StrTrk 390 9 1.64V 27C 4941Pa ,,0.2037733327, 27C 4941Pa , 4941Pa ,300,4941,0
2021-05-12 20:09:30,2021-05-12 20:09:30,32.58083,-110.08617,19,38,20975.73, StrTrk 391 9 1.64V 27C 4970Pa ,,-0.3764933321, 27C 4970Pa , 4970Pa ,300,4970,0
2021-05-12 20:10:30,2021-05-12 20:10:30,32.58333,-110.08383,20,38,20988.83, StrTrk 392 9 1.64V 27C 4961Pa ,,0.1484666677, 27C 4961Pa , 4961Pa ,300,4961,0
2021-05-12 20:11:30,2021-05-12 20:11:30,32.58533,-110.0815,17,40,20983.96, StrTrk 393 9 1.65V 27C 4963Pa ,,-0.05519333315, 27C 4963Pa , 4963Pa ,300,4963,0
2021-05-12 20:12:30,2021-05-12 20:12:30,32.58767,-110.07917,20,46,20959.88, StrTrk 394 9 1.65V 27C 4989Pa ,,-0.2729066658, 27C 4989Pa , 4989Pa ,300,4989,0
2021-05-12 20:13:30,2021-05-12 20:13:30,32.58983,-110.07683,20,43,20980.91, StrTrk 395 9 1.65V 27C 4974Pa ,,0.2383400017, 27C 4974Pa , 4974Pa ,300,4974,0
2021-05-12 20:14:30,2021-05-12 20:14:30,32.59217,-110.07417,20,37,20955.91, StrTrk 396 9 1.64V 27C 4993Pa ,,-0.2833333324, 27C 4993Pa , 4993Pa ,300,4993,0
2021-05-12 20:15:30,2021-05-12 20:15:30,32.5945,-110.07217,19,34,20949.82, StrTrk 397 9 1.64V 27C 4992Pa ,,-0.06901999978, 27C 4992Pa , 4992Pa ,300,4992,0
2021-05-12 20:16:30,2021-05-12 20:16:30,32.59683,-110.06933,20,45,20969.02, StrTrk 398 9 1.65V 26C 4984Pa ,,0.2175999993, 26C 4984Pa , 4984Pa ,299,4984,0
2021-05-12 20:17:30,2021-05-12 20:17:30,32.59917,-110.067,19,35,20965.97, StrTrk 399 9 1.64V 26C 4980Pa ,,-0.03456666692, 26C 4980Pa , 4980Pa ,299,4980,0
2021-05-12 20:18:30,2021-05-12 20:18:30,32.6015,-110.06467,20,48,20999.81, StrTrk 400 9 1.66V 26C 4955Pa ,,0.3835199987, 26C 4955Pa , 4955Pa ,299,4955,0
2021-05-12 20:19:30,2021-05-12 20:19:30,32.6035,-110.062,20,43,20978.77, StrTrk 401 9 1.65V 27C 4974Pa ,,-0.2384533326, 27C 4974Pa , 4974Pa ,300,4974,0
2021-05-12 20:20:30,2021-05-12 20:20:30,32.606,-110.05983,19,37,20973.9, StrTrk 402 9 1.65V 27C 4987Pa ,,-0.05519333373, 27C 4987Pa , 4987Pa ,300,4987,0
2021-05-12 20:21:30,2021-05-12 20:21:30,32.60833,-110.05717,19,44,20985.78, StrTrk 403 9 1.65V 28C 4980Pa ,,0.1346399996, 28C 4980Pa , 4980Pa ,301,4980,0
2021-05-12 20:22:30,2021-05-12 20:22:30,32.6105,-110.05483,19,31,20942.81, StrTrk 404 9 1.65V 28C 5007Pa ,,-0.4869933317, 28C 5007Pa , 5007Pa ,301,5007,0
2021-05-12 20:23:30,2021-05-12 20:23:30,32.61283,-110.05283,17,38,20962.01, StrTrk 405 9 1.65V 28C 4997Pa ,,0.2176000016, 28C 4997Pa , 4997Pa ,301,4997,0
2021-05-12 20:24:30,2021-05-12 20:24:30,32.61517,-110.05033,20,47,20969.02, StrTrk 406 9 1.65V 28C 4988Pa ,,0.07944666641, 28C 4988Pa , 4988Pa ,301,4988,0
2021-05-12 20:25:30,2021-05-12 20:25:30,32.61733,-110.048,20,42,20976.95, StrTrk 407 9 1.65V 28C 4979Pa ,,0.08987333304, 28C 4979Pa , 4979Pa ,301,4979,0
2021-05-12 20:26:30,2021-05-12 20:26:30,32.6195,-110.04533,19,47,20982.74, StrTrk 408 9 1.65V 28C 4972Pa ,,0.06562000047, 28C 4972Pa , 4972Pa ,301,4972,0
2021-05-12 20:27:30,2021-05-12 20:27:30,32.62183,-110.04333,19,24,20955.91, StrTrk 409 9 1.65V 28C 4996Pa ,,-0.3040733323, 28C 4996Pa , 4996Pa ,301,4996,30
2021-05-12 20:28:30,2021-05-12 20:28:30,32.624,-110.04133,19,42,20974.81, StrTrk 410 9 1.65V 27C 4977Pa ,,0.2141999993, 27C 4977Pa , 4977Pa ,300,4977,30
2021-05-12 20:29:30,2021-05-12 20:29:30,32.626,-110.03883,20,47,20955.91, StrTrk 411 9 1.64V 28C 5004Pa ,,-0.2142000015, 28C 5004Pa , 5004Pa ,301,5004,30
2021-05-12 20:30:30,2021-05-12 20:30:30,32.62867,-110.03717,20,16,20910.8, StrTrk 412 9 1.65V 27C 5033Pa ,,-0.511246665, 27C 5033Pa , 5033Pa ,300,5033,30
2021-05-12 20:31:30,2021-05-12 20:31:30,32.6315,-110.03617,17,9,20854.72, StrTrk 413 9 1.65V 27C 5065Pa ,,-0.6355733313, 27C 5065Pa , 5065Pa ,300,5065,30
2021-05-12 20:32:30,2021-05-12 20:32:30,32.634,-110.03667,17,339,20791.93, StrTrk 414 9 1.65V 27C 5122Pa ,,-0.7116199977, 27C 5122Pa , 5122Pa ,300,5122,30
2021-05-12 20:33:30,2021-05-12 20:33:30,32.63633,-110.03833,17,313,20737.98, StrTrk 415 9 1.65V 26C 5162Pa ,,-0.6114333377, 26C 5162Pa , 5162Pa ,299,5162,30
2021-05-12 20:34:30,2021-05-12 20:34:30,32.63783,-110.041,17,294,20698.97, StrTrk 416 9 1.65V 26C 5189Pa ,,-0.4421133319, 26C 5189Pa , 5189Pa ,299,5189,30
2021-05-12 20:35:30,2021-05-12 20:35:30,32.6385,-110.044,19,278,20665.74, StrTrk 417 9 1.65V 26C 5225Pa ,,-0.3766066654, 26C 5225Pa , 5225Pa ,299,5225,30
2021-05-12 20:36:31,2021-05-12 20:36:31,32.63883,-110.0475,20,271,20641.97, StrTrk 418 9 1.65V 26C 5238Pa ,,-0.26497705, 26C 5238Pa , 5238Pa ,299,5238,30
2021-05-12 20:37:30,2021-05-12 20:37:30,32.63883,-110.0515,20,262,20618.81, StrTrk 419 9 1.65V 26C 5252Pa ,,-0.2669288137, 26C 5252Pa , 5252Pa ,299,5252,30
2021-05-12 20:38:30,2021-05-12 20:38:30,32.63817,-110.05533,22,253,20591.98, StrTrk 420 9 1.65V 26C 5274Pa ,,-0.3040733323, 26C 5274Pa , 5274Pa ,299,5274,30
2021-05-12 20:39:30,2021-05-12 20:39:30,32.63683,-110.05917,22,245,20585.89, StrTrk 421 9 1.65V 26C 5284Pa ,,-0.0690200005, 26C 5284Pa , 5284Pa ,299,5284,30
2021-05-12 20:40:30,2021-05-12 20:40:30,32.63533,-110.06283,22,241,20565.77, StrTrk 422 9 1.66V 26C 5294Pa ,,-0.2280266659, 26C 5294Pa , 5294Pa ,299,5294,30
2021-05-12 20:41:30,2021-05-12 20:41:30,32.63333,-110.0665,24,233,20547.79, StrTrk 423 9 1.66V 25C 5305Pa ,,-0.2037733327, 25C 5305Pa , 5305Pa ,298,5305,30
2021-05-12 20:42:30,2021-05-12 20:42:30,32.63117,-110.07,24,233,20534.99, StrTrk 424 9 1.66V 25C 5326Pa ,,-0.1450666677, 25C 5326Pa , 5326Pa ,298,5326,30
2021-05-12 20:43:30,2021-05-12 20:43:30,32.62883,-110.07333,24,232,20508.77, StrTrk 425 9 1.66V 26C 5356Pa ,,-0.297159999, 26C 5356Pa , 5356Pa ,299,5356,30
2021-05-12 20:44:30,2021-05-12 20:44:30,32.6265,-110.0765,24,227,20488.96, StrTrk 426 9 1.65V 26C 5359Pa ,,-0.2245133326, 26C 5359Pa , 5359Pa ,299,5359,30
2021-05-12 20:45:30,2021-05-12 20:45:30,32.624,-110.07967,24,223,20489.88, StrTrk 427 9 1.66V 26C 5364Pa ,,0.01042666663, 26C 5364Pa , 5364Pa ,299,5364,30
2021-05-12 20:46:30,2021-05-12 20:46:30,32.62133,-110.0825,22,222,20485, StrTrk 428 9 1.65V 26C 5367Pa ,,-0.05530666707, 26C 5367Pa , 5367Pa ,299,5367,30
2021-05-12 20:47:30,2021-05-12 20:47:30,32.6185,-110.08533,24,214,20473.72, StrTrk 429 9 1.65V 26C 5379Pa ,,-0.1278399996, 26C 5379Pa , 5379Pa ,299,5379,40
2021-05-12 20:48:30,2021-05-12 20:48:30,32.61533,-110.08767,24,215,20479.82, StrTrk 430 9 1.65V 26C 5371Pa ,,0.06913333311, 26C 5371Pa , 5371Pa ,299,5371,40
2021-05-12 20:49:30,2021-05-12 20:49:30,32.61217,-110.09,24,212,20486.83, StrTrk 431 9 1.64V 26C 5370Pa ,,0.07944666724, 26C 5370Pa , 5370Pa ,299,5370,40
2021-05-12 20:50:30,2021-05-12 20:50:30,32.609,-110.09233,24,208,20435.93, StrTrk 432 9 1.65V 25C 5416Pa ,,-0.5768666648, 25C 5416Pa , 5416Pa ,298,5416,40
2021-05-12 20:51:30,2021-05-12 20:51:30,32.605,-110.093,28,170,20285.96, StrTrk 433 9 1.65V 26C 5537Pa ,,-1.699659994, 26C 5537Pa , 5537Pa ,299,5537,40
2021-05-12 20:52:30,2021-05-12 20:52:30,32.60083,-110.091,30,144,20173.8, StrTrk 434 9 1.66V 27C 5639Pa ,,-1.271146676, 27C 5639Pa , 5639Pa ,300,5639,40
2021-05-12 20:53:30,2021-05-12 20:53:30,32.5975,-110.087,31,124,20091.81, StrTrk 435 9 1.65V 26C 5705Pa ,,-0.929219997, 26C 5705Pa , 5705Pa ,299,5705,40
2021-05-12 20:54:30,2021-05-12 20:54:30,32.59533,-110.08217,30,115,20053.71, StrTrk 436 9 1.65V 26C 5743Pa ,,-0.4317999986, 26C 5743Pa , 5743Pa ,299,5743,40
2021-05-12 20:55:30,2021-05-12 20:55:30,32.5935,-110.0775,28,113,20030.85, StrTrk 437 9 1.64V 26C 5759Pa ,,-0.2590800019, 26C 5759Pa , 5759Pa ,299,5759,40
2021-05-12 20:56:30,2021-05-12 20:56:30,32.59183,-110.07317,26,116,20003.72, StrTrk 438 9 1.64V 25C 5782Pa ,,-0.3074733323, 25C 5782Pa , 5782Pa ,298,5782,40
2021-05-12 20:57:30,2021-05-12 20:57:30,32.59017,-110.0695,20,119,19959.83, StrTrk 439 9 1.65V 25C 5816Pa ,,-0.4974199984, 25C 5816Pa , 5816Pa ,298,5816,40
2021-05-12 20:58:30,2021-05-12 20:58:30,32.58883,-110.06683,15,116,19924.78, StrTrk 440 9 1.64V 24C 5845Pa ,,-0.3972333362, 24C 5845Pa , 5845Pa ,297,5845,40
2021-05-12 20:59:30,2021-05-12 20:59:30,32.58783,-110.0645,13,114,19923.86, StrTrk 441 9 1.64V 24C 5855Pa ,,-0.01042666663, 24C 5855Pa , 5855Pa ,297,5855,40
2021-05-12 21:00:30,2021-05-12 21:00:30,32.58717,-110.06233,11,109,19918.68, StrTrk 442 9 1.65V 24C 5851Pa ,,-0.05870666648, 24C 5851Pa , 5851Pa ,297,5851,40
2021-05-12 21:01:30,2021-05-12 21:01:30,32.5865,-110.06033,11,109,19914.72, StrTrk 443 9 1.65V 24C 5854Pa ,,-0.04487999985, 24C 5854Pa , 5854Pa ,297,5854,40
2021-05-12 21:02:30,2021-05-12 21:02:30,32.586,-110.05833,11,105,19913.8, StrTrk 444 9 1.65V 23C 5853Pa ,,-0.01042666674, 23C 5853Pa , 5853Pa ,296,5853,40
2021-05-12 21:03:30,2021-05-12 21:03:30,32.58567,-110.05633,9,99,19899.78, StrTrk 445 9 1.65V 23C 5871Pa ,,-0.1588933328, 23C 5871Pa , 5871Pa ,296,5871,40
2021-05-12 21:04:30,2021-05-12 21:04:30,32.58533,-110.05433,11,96,19883.93, StrTrk 446 9 1.65V 23C 5889Pa ,,-0.1796333327, 23C 5889Pa , 5889Pa ,296,5889,40
2021-05-12 21:05:30,2021-05-12 21:05:30,32.58483,-110.05233,11,104,19865.95, StrTrk 447 9 1.65V 23C 5902Pa ,,-0.2037733348, 23C 5902Pa , 5902Pa ,296,5902,40
2021-05-12 21:06:30,2021-05-12 21:06:30,32.58433,-110.05033,11,106,19858.94, StrTrk 448 9 1.65V 23C 5908Pa ,,-0.07944666641, 23C 5908Pa , 5908Pa ,296,5908,40
2021-05-12 21:07:30,2021-05-12 21:07:30,32.584,-110.0485,9,105,19869.91, StrTrk 449 9 1.64V 23C 5890Pa ,,0.1243266663, 23C 5890Pa , 5890Pa ,296,5890,50
2021-05-12 21:08:30,2021-05-12 21:08:30,32.58367,-110.04683,9,103,19854.67, StrTrk 450 9 1.64V 23C 5909Pa ,,-0.1727200012, 23C 5909Pa , 5909Pa ,296,5909,50
2021-05-12 21:09:30,2021-05-12 21:09:30,32.58317,-110.045,11,103,19830.9, StrTrk 451 9 1.65V 24C 5937Pa ,,-0.2693933325, 24C 5937Pa , 5937Pa ,297,5937,50
2021-05-12 21:10:30,2021-05-12 21:10:30,32.58283,-110.043,13,96,19789.75, StrTrk 452 9 1.65V 25C 5978Pa ,,-0.4663666651, 25C 5978Pa , 5978Pa ,298,5978,50
2021-05-12 21:11:30,2021-05-12 21:11:30,32.5835,-110.0395,24,64,19686.73, StrTrk 453 9 1.65V 25C 6082Pa ,,-1.167560008, 25C 6082Pa , 6082Pa ,298,6082,50
2021-05-12 21:12:30,2021-05-12 21:12:30,32.58583,-110.03617,22,39,19585.84, StrTrk 454 9 1.64V 24C 6170Pa ,,-1.143419996, 24C 6170Pa , 6170Pa ,297,6170,50
2021-05-12 21:13:30,2021-05-12 21:13:30,32.5885,-110.03383,20,41,19476.72, StrTrk 455 9 1.64V 22C 6275Pa ,,-1.236693329, 22C 6275Pa , 6275Pa ,295,6275,50
2021-05-12 21:14:30,2021-05-12 21:14:30,32.59033,-110.031,20,63,19390.77, StrTrk 456 9 1.64V 21C 6351Pa ,,-0.974100007, 21C 6351Pa , 6351Pa ,294,6351,50
2021-05-12 21:16:30,2021-05-12 21:16:30,32.59167,-110.0245,19,79,19267.93, StrTrk 458 9 1.64V 22C 6473Pa ,,-0.6960933311, 22C 6473Pa , 6473Pa ,295,6473,50
2021-05-12 21:17:30,2021-05-12 21:17:30,32.59167,-110.02067,22,91,19185.64, StrTrk 459 9 1.64V 22C 6575Pa ,,-0.932619997, 22C 6575Pa , 6575Pa ,295,6575,50
2021-05-12 21:18:30,2021-05-12 21:18:30,32.592,-110.01617,26,79,19134.73, StrTrk 460 9 1.63V 22C 6616Pa ,,-0.5769800042, 22C 6616Pa , 6616Pa ,295,6616,50
2021-05-12 21:19:30,2021-05-12 21:19:30,32.59283,-110.01133,30,78,19087.8, StrTrk 461 9 1.64V 22C 6667Pa ,,-0.5318733316, 22C 6667Pa , 6667Pa ,295,6667,50
2021-05-12 21:20:30,2021-05-12 21:20:30,32.59333,-110.00583,30,89,19033.85, StrTrk 462 9 1.63V 21C 6716Pa ,,-0.6114333313, 21C 6716Pa , 6716Pa ,294,6716,50
2021-05-12 21:21:30,2021-05-12 21:21:30,32.59283,-110.00033,31,101,18999.71, StrTrk 463 9 1.63V 20C 6744Pa ,,-0.3869200028, 20C 6744Pa , 6744Pa ,293,6744,50
2021-05-12 21:22:30,2021-05-12 21:22:30,32.59183,-109.99417,39,100,18956.73, StrTrk 464 9 1.63V 20C 6795Pa ,,-0.4871066651, 20C 6795Pa , 6795Pa ,293,6795,50
2021-05-12 21:23:30,2021-05-12 21:23:30,32.591,-109.98683,43,92,18908.88, StrTrk 465 9 1.63V 20C 6854Pa ,,-0.5422999982, 20C 6854Pa , 6854Pa ,293,6854,50
2021-05-12 21:24:30,2021-05-12 21:24:30,32.591,-109.97883,44,88,18869.86, StrTrk 466 9 1.63V 20C 6887Pa ,,-0.4422266699, 20C 6887Pa , 6887Pa ,293,6887,50
2021-05-12 21:25:30,2021-05-12 21:25:30,32.59133,-109.9705,48,83,18843.65, StrTrk 467 9 1.62V 19C 6920Pa ,,-0.2970466657, 19C 6920Pa , 6920Pa ,292,6920,50
2021-05-12 21:26:30,2021-05-12 21:26:30,32.59267,-109.962,50,76,18813.78, StrTrk 468 9 1.62V 19C 6952Pa ,,-0.3385266656, 19C 6952Pa , 6952Pa ,292,6952,50
2021-05-12 21:27:30,2021-05-12 21:27:30,32.59517,-109.95333,52,68,18781.78, StrTrk 469 9 1.62V 19C 6997Pa ,,-0.3626666693, 19C 6997Pa , 6997Pa ,292,6997,60
2021-05-12 21:28:30,2021-05-12 21:28:30,32.598,-109.945,50,66,18763.79, StrTrk 470 9 1.61V 19C 7014Pa ,,-0.203886666, 19C 7014Pa , 7014Pa ,292,7014,60
2021-05-12 21:29:30,2021-05-12 21:29:30,32.60117,-109.93633,52,65,18733.62, StrTrk 471 9 1.62V 19C 7042Pa ,,-0.3419266656, 19C 7042Pa , 7042Pa ,292,7042,60
2021-05-12 21:30:30,2021-05-12 21:30:30,32.60433,-109.92767,54,70,18699.78, StrTrk 472 9 1.61V 18C 7073Pa ,,-0.3835199987, 18C 7073Pa , 7073Pa ,291,7073,60
2021-05-12 21:31:30,2021-05-12 21:31:30,32.60567,-109.9185,52,88,18574.82, StrTrk 473 9 1.61V 15C 7214Pa ,,-1.416213344, 15C 7214Pa , 7214Pa ,288,7214,60
2021-05-12 21:32:30,2021-05-12 21:32:30,32.60583,-109.9095,50,94,18422.72, StrTrk 474 9 1.61V 13C 7376Pa ,,-1.723799994, 13C 7376Pa , 7376Pa ,286,7376,60
2021-05-12 21:33:30,2021-05-12 21:33:30,32.605,-109.90067,52,99,18270.63, StrTrk 475 9 1.61V 11C 7551Pa ,,-1.723686661, 11C 7551Pa , 7551Pa ,284,7551,60
2021-05-12 21:36:30,2021-05-12 21:36:30,32.60017,-109.87,54,98,17908.83, StrTrk 478 9 1.60V 12C 8019Pa ,,-1.3668, 12C 8019Pa , 8019Pa ,285,8019,60
2021-05-12 21:37:30,2021-05-12 21:37:30,32.59867,-109.86067,50,104,17802.76, StrTrk 479 9 1.59V 11C 8149Pa ,,-1.202126675, 11C 8149Pa , 8149Pa ,284,8149,60
2021-05-12 21:39:30,2021-05-12 21:39:30,32.59367,-109.8435,54,107,17678.7, StrTrk 481 9 1.59V 09C 8311Pa ,,-0.7030066644, 09C 8311Pa , 8311Pa ,282,8311,60
2021-05-12 21:40:30,2021-05-12 21:40:30,32.59083,-109.83383,59,108,17615.61, StrTrk 482 9 1.59V 8C 8391Pa ,,-0.7150200052, 8C 8391Pa ,8391Pa ,281,8391,60
2021-05-12 21:41:30,2021-05-12 21:41:30,32.5885,-109.82317,63,102,17551.6, StrTrk 483 9 1.59V 7C 8484Pa ,,-0.7254466643, 7C 8484Pa ,8484Pa ,280,8484,60
2021-05-12 21:43:30,2021-05-12 21:43:30,32.58517,-109.801,65,99,17377.56, StrTrk 485 9 1.58V 5C 8723Pa ,,-0.9862266686, 5C 8723Pa ,8723Pa ,278,8723,60
2021-05-12 21:44:30,2021-05-12 21:44:30,32.58367,-109.7895,63,94,17304.72, StrTrk 486 9 1.59V 5C 8822Pa ,,-0.8255199973, 5C 8822Pa ,8822Pa ,278,8822,60
2021-05-12 21:45:30,2021-05-12 21:45:30,32.58333,-109.77783,65,89,17236.74, StrTrk 487 9 1.59V 4C 8926Pa ,,-0.7704399975, 4C 8926Pa ,8926Pa ,277,8926,60
2021-05-12 21:46:30,2021-05-12 21:46:30,32.584,-109.76633,65,84,17159.63, StrTrk 488 9 1.58V 4C 9038Pa ,,-0.8739133305, 4C 9038Pa ,9038Pa ,277,9038,70
2021-05-12 21:49:30,2021-05-12 21:49:30,32.5885,-109.733,65,82,16973.7, StrTrk 491 9 1.57V 2C 9308Pa ,,-0.7024022224, 2C 9308Pa ,9308Pa ,275,9308,70
2021-05-12 21:51:30,2021-05-12 21:51:30,32.59233,-109.71017,65,67,16690.54, StrTrk 493 9 1.57V 0C 9754Pa ,,-1.604573337, 0C 9754Pa ,9754Pa ,273,9754,70
2021-05-12 21:52:30,2021-05-12 21:52:30,32.59517,-109.69917,65,77,16513.76, StrTrk 494 9 1.56V -2C 10032Pa ,,-2.00350666, -2C 10032Pa , 10032Pa ,271,10032,70
2021-05-12 21:53:30,2021-05-12 21:53:30,32.5965,-109.687,70,86,16381.78, StrTrk 495 9 1.56V -3C 10252Pa ,,-1.495773344, -3C 10252Pa , 10252Pa ,270,10252,70
2021-05-12 21:54:30,2021-05-12 21:54:30,32.5965,-109.67383,78,90,16292.78, StrTrk 496 9 1.55V -3C 10400Pa ,,-1.008666663, -3C 10400Pa , 10400Pa ,270,10400,70
2021-05-12 21:55:30,2021-05-12 21:55:30,32.597,-109.65933,81,85,16208.65, StrTrk 497 9 1.56V -4C 10543Pa ,,-0.9534733302, -4C 10543Pa , 10543Pa ,269,10543,70
2021-05-12 21:56:30,2021-05-12 21:56:30,32.59783,-109.6445,85,85,16128.49, StrTrk 498 9 1.55V -4C 10685Pa ,,-0.9084800066, -4C 10685Pa , 10685Pa ,269,10685,70
2021-05-12 21:57:30,2021-05-12 21:57:30,32.59933,-109.62933,83,81,16039.49, StrTrk 499 9 1.55V -5C 10840Pa ,,-1.008666663, -5C 10840Pa , 10840Pa ,268,10840,70
2021-05-12 21:58:30,2021-05-12 21:58:30,32.601,-109.61483,80,84,15949.57, StrTrk 500 9 1.54V -5C 11001Pa ,,-1.01909333, -5C 11001Pa , 11001Pa ,268,11001,70
2021-05-12 21:59:30,2021-05-12 21:59:30,32.6015,-109.60083,78,89,15849.6, StrTrk 501 9 1.54V -6C 11186Pa ,,-1.132993342, -6C 11186Pa , 11186Pa ,267,11186,70
2021-05-12 22:00:30,2021-05-12 22:00:30,32.6015,-109.58667,81,89,15755.72, StrTrk 502 9 1.54V -6C 11365Pa ,,-1.06397333, -6C 11365Pa , 11365Pa ,267,11365,70
2021-05-12 22:01:31,2021-05-12 22:01:31,32.60183,-109.572,85,87,15667.63, StrTrk 503 9 1.54V -6C 11528Pa ,,-0.9819868885, -6C 11528Pa , 11528Pa ,267,11528,70
2021-05-12 22:02:30,2021-05-12 22:02:30,32.60283,-109.55617,93,84,15577.72, StrTrk 504 9 1.53V -6C 11701Pa ,,-1.036250837, -6C 11701Pa , 11701Pa ,267,11701,70
2021-05-12 22:03:30,2021-05-12 22:03:30,32.60433,-109.53917,96,82,15485.67, StrTrk 505 9 1.54V -7C 11872Pa ,,-1.043233341, -7C 11872Pa , 11872Pa ,266,11872,70
2021-05-12 22:04:30,2021-05-12 22:04:30,32.6065,-109.52233,94,81,15407.64, StrTrk 506 9 1.53V -7C 12024Pa ,,-0.8843399971, -7C 12024Pa , 12024Pa ,266,12024,70
2021-05-12 22:05:30,2021-05-12 22:05:30,32.6085,-109.50617,87,82,15323.52, StrTrk 507 9 1.54V -7C 12191Pa ,,-0.9533599969, -7C 12191Pa , 12191Pa ,266,12191,70
2021-05-12 22:06:30,2021-05-12 22:06:30,32.60983,-109.49083,85,84,15240.61, StrTrk 508 9 1.53V -09C 12362Pa ,,-0.9396466734, -09C 12362Pa ,12362Pa ,264,12362,70
2021-05-12 22:07:30,2021-05-12 22:07:30,32.61133,-109.47533,87,82,15150.69, StrTrk 509 9 1.53V -10C 12556Pa ,,-1.01909333, -10C 12556Pa ,12556Pa ,263,12556,80
2021-05-12 22:08:30,2021-05-12 22:08:30,32.61333,-109.45917,91,79,15043.71, StrTrk 510 9 1.53V -10C 12768Pa ,,-1.212439996, -10C 12768Pa ,12768Pa ,263,12768,80
2021-05-12 22:09:32,2021-05-12 22:09:32,32.6155,-109.4435,89,81,14948.61, StrTrk 511 9 1.53V -09C 12965Pa ,,-1.043032257, -09C 12965Pa ,12965Pa ,264,12965,80
2021-05-12 22:10:30,2021-05-12 22:10:30,32.61767,-109.42783,87,79,14855.65, StrTrk 512 9 1.53V -10C 13157Pa ,,-1.089875867, -10C 13157Pa ,13157Pa ,263,13157,80
2021-05-12 22:11:30,2021-05-12 22:11:30,32.62033,-109.41217,91,77,14768.47, StrTrk 513 9 1.52V -12C 13343Pa ,,-0.9880399968, -12C 13343Pa ,13343Pa ,261,13343,80
2021-05-12 22:12:30,2021-05-12 22:12:30,32.623,-109.39633,89,79,14686.48, StrTrk 514 9 1.52V -13C 13538Pa ,,-0.9292200067, -13C 13538Pa ,13538Pa ,260,13538,80
2021-05-12 22:13:30,2021-05-12 22:13:30,32.62483,-109.38067,83,88,14599.62, StrTrk 515 9 1.52V -13C 13738Pa ,,-0.9844133301, -13C 13738Pa ,13738Pa ,260,13738,80
2021-05-12 22:14:30,2021-05-12 22:14:30,32.6265,-109.36567,85,82,14498.42, StrTrk 516 9 1.52V -13C 13955Pa ,,-1.14693333, -13C 13955Pa ,13955Pa ,260,13955,80
2021-05-12 22:15:30,2021-05-12 22:15:30,32.62767,-109.35033,85,87,14402.41, StrTrk 517 9 1.50V -12C 14170Pa ,,-1.08811333, -12C 14170Pa ,14170Pa ,261,14170,80
2021-05-12 22:17:30,2021-05-12 22:17:30,32.6295,-109.31733,94,88,14274.39, StrTrk 519 9 1.50V -12C 14463Pa ,,-0.7254466681, -12C 14463Pa ,14463Pa ,261,14463,80
2021-05-12 22:18:30,2021-05-12 22:18:30,32.6295,-109.30017,96,91,14225.63, StrTrk 520 9 1.50V -11C 14581Pa ,,-0.5526133315, -11C 14581Pa ,14581Pa ,262,14581,80
2021-05-12 22:19:30,2021-05-12 22:19:30,32.62933,-109.28267,98,89,14142.42, StrTrk 521 9 1.49V -11C 14791Pa ,,-0.9430466735, -11C 14791Pa ,14791Pa ,262,14791,80
2021-05-12 22:20:30,2021-05-12 22:20:30,32.62967,-109.26567,93,88,14051.58, StrTrk 522 9 1.50V -12C 15009Pa ,,-1.029519997, -12C 15009Pa ,15009Pa ,261,15009,80
2021-05-12 22:21:30,2021-05-12 22:21:30,32.63033,-109.24933,89,85,13983.61, StrTrk 523 9 1.50V -11C 15173Pa ,,-0.7703266642, -11C 15173Pa ,15173Pa ,262,15173,80
2021-05-12 22:22:30,2021-05-12 22:22:30,32.63183,-109.23383,85,82,13918.39, StrTrk 524 9 1.49V -11C 15326Pa ,,-0.7391600053, -11C 15326Pa ,15326Pa ,262,15326,80
2021-05-12 22:23:30,2021-05-12 22:23:30,32.63383,-109.21883,85,79,13831.52, StrTrk 525 9 1.49V -12C 15543Pa ,,-0.9845266635, -12C 15543Pa ,15543Pa ,261,15543,80
2021-05-12 22:24:31,2021-05-12 22:24:31,32.63617,-109.20417,81,77,13745.57, StrTrk 526 9 1.49V -13C 15749Pa ,,-0.9581311507, -13C 15749Pa ,15749Pa ,260,15749,80
2021-05-12 22:25:30,2021-05-12 22:25:30,32.63883,-109.18983,81,77,13660.53, StrTrk 527 9 1.48V -12C 15958Pa ,,-0.9801220345, -12C 15958Pa ,15958Pa ,261,15958,80
2021-05-12 22:26:30,2021-05-12 22:26:30,32.641,-109.17617,74,81,13592.56, StrTrk 528 9 1.48V -12C 16148Pa ,,-0.7703266642, -12C 16148Pa ,16148Pa ,261,16148,80
2021-05-12 22:27:30,2021-05-12 22:27:30,32.64183,-109.16367,70,87,13517.58, StrTrk 529 9 1.48V -13C 16334Pa ,,-0.8497733306, -13C 16334Pa ,16334Pa ,260,16334,90
2021-05-12 22:28:30,2021-05-12 22:28:30,32.64183,-109.15017,78,91,13418.52, StrTrk 530 9 1.49V -13C 16586Pa ,,-1.122680008, -13C 16586Pa ,16586Pa ,260,16586,90
2021-05-12 22:29:30,2021-05-12 22:29:30,32.64167,-109.13667,74,89,13303.61, StrTrk 531 9 1.49V -13C 16907Pa ,,-1.302313329, -13C 16907Pa ,16907Pa ,260,16907,90
2021-05-12 22:30:30,2021-05-12 22:30:30,32.64117,-109.12267,81,91,13179.55, StrTrk 532 9 1.48V -15C 17253Pa ,,-1.406013329, -15C 17253Pa ,17253Pa ,258,17253,90
2021-05-12 22:31:31,2021-05-12 22:31:31,32.6405,-109.108,74,92,13042.39, StrTrk 533 9 1.48V -14C 17636Pa ,,-1.528996726, -14C 17636Pa ,17636Pa ,259,17636,90
2021-05-12 22:34:31,2021-05-12 22:34:31,32.6385,-109.068,56,94,11926.52, StrTrk 536 9 1.45V -29C 21299Pa ,,-4.21550889, -29C 21299Pa ,21299Pa ,244,21299,90
2021-05-12 22:36:31,2021-05-12 22:36:31,32.63967,-109.04617,59,88,11033.46, StrTrk 538 9 1.43V -34C 24612Pa ,,-5.060673317, -34C 24612Pa ,24612Pa ,239,24612,90
2021-05-12 22:38:31,2021-05-12 22:40:27,32.6405,-109.02983,41,93,10191.29, StrTrk 540 9 1.41V -34C 27990Pa ,,-4.772296676, -34C 27990Pa ,27990Pa ,239,27990,90
2021-05-12 22:41:31,2021-05-12 22:41:31,32.64317,-109.007,35,70,8930.34, StrTrk 543 9 1.42V -30C 33605Pa ,,-4.76358889, -30C 33605Pa ,33605Pa ,243,33605,90
2021-05-12 22:43:31,2021-05-12 22:43:31,32.6455,-108.99417,39,77,8086.34, StrTrk 545 9 1.43V -26C 37628Pa ,,-4.782666676, -26C 37628Pa ,37628Pa ,247,37628,90
2021-05-12 22:45:31,2021-05-12 22:45:31,32.64767,-108.9835,37,86,7368.24, StrTrk 547 9 1.44V -21C 41474Pa ,,-4.06923332, -21C 41474Pa ,41474Pa ,252,41474,90
2021-05-12 22:46:31,2021-05-12 22:46:31,32.647,-108.97667,43,91,7038.14, StrTrk 548 9 1.44V -20C 43315Pa ,,-3.74113336, -20C 43315Pa ,43315Pa ,253,43315,90
2021-05-12 22:48:31,2021-05-12 22:48:31,32.64517,-108.96233,46,108,6242.3, StrTrk 550 9 1.47V -13C 48085Pa ,,-4.509759985, -13C 48085Pa ,48085Pa ,260,48085,100
2021-05-12 22:49:31,2021-05-12 22:49:31,32.64417,-108.95567,31,106,5788.15, StrTrk 551 9 1.49V -09C 50902Pa ,,-5.147033317, -09C 50902Pa ,50902Pa ,264,50902,100
2021-05-12 22:51:31,2021-05-12 22:51:31,32.64117,-108.945,28,101,4856.99, StrTrk 553 9 1.51V -2C 57291Pa ,,-5.276573344, -2C 57291Pa , 57291Pa ,271,57291,100
2021-05-12 22:52:31,2021-05-12 22:52:31,32.64133,-108.94,39,73,4310.18, StrTrk 554 9 1.53V 1C 61235Pa ,,-6.19717998, 1C 61235Pa ,61235Pa ,274,61235,100
